t_s,bufPctRaw,bufPctSmoothed,bufPctDrawn,redraws,lastSkipReason,wrState
0.0,20,20,20,214,delta,2
0.0364,20,20,20,214,delta,2
0.0572,20,20,20,214,delta,2
0.0774,20,20,20,214,delta,2
0.0998,20,20,20,214,delta,2
0.1211,20,20,20,214,delta,2
0.1517,20,20,20,214,delta,2
0.1732,20,20,20,214,delta,2
0.1935,20,20,20,214,delta,2
0.2157,20,20,20,214,delta,2
0.2374,20,20,20,214,delta,2
0.272,20,20,20,214,delta,2
0.293,20,20,20,214,delta,2
0.3138,20,20,20,214,delta,2
0.3353,20,20,20,214,delta,2
0.3571,20,20,20,214,delta,2
0.39,20,20,20,214,delta,2
0.4119,20,20,20,214,delta,2
0.4343,20,20,20,214,delta,2
0.4551,20,20,20,214,delta,2
0.4778,20,20,20,214,delta,2
0.5101,20,20,20,214,delta,2
0.5313,20,20,20,214,delta,2
0.554,20,20,20,214,delta,2
0.5741,20,20,20,214,delta,2
0.5947,20,20,20,214,delta,2
0.6315,20,20,20,214,delta,2
0.6522,20,20,20,214,delta,2
0.6721,20,20,20,214,delta,2
0.6928,20,20,20,214,delta,2
0.7141,20,20,20,214,delta,2
0.7469,20,20,20,214,delta,2
0.7682,20,20,20,214,delta,2
0.7885,20,20,20,214,delta,2
0.8102,20,20,20,214,delta,2
0.8303,20,20,20,214,delta,2
0.867,20,20,20,214,delta,2
0.8882,20,20,20,214,delta,2
0.9087,20,20,20,214,delta,2
0.9303,20,20,20,214,delta,2
0.9523,20,20,20,214,delta,2
0.985,20,20,20,214,delta,2
1.0061,20,20,20,214,delta,2
1.0274,20,20,20,214,delta,2
1.1226,0,20,20,214,delta,2
1.5944,0,20,20,214,delta,1
1.7345,0,0,0,214,delta,1
1.8435,0,0,0,214,delta,1
1.8649,0,0,0,214,delta,1
1.8863,0,0,0,214,delta,1
1.9089,0,0,0,214,delta,2
1.9403,0,0,0,214,delta,2
1.961,0,0,0,214,delta,2
1.9808,0,0,0,214,delta,2
2.0006,0,0,0,214,delta,2
2.0209,0,0,0,214,delta,2
2.0517,0,0,0,214,delta,2
2.0718,0,0,0,214,delta,2
2.0917,0,0,0,214,delta,2
2.1116,0,0,0,214,delta,2
2.1319,0,0,0,214,delta,2
2.1626,0,0,0,214,delta,2
2.183,0,0,0,214,delta,2
2.2027,0,0,0,214,delta,2
2.2227,0,0,0,214,delta,2
2.2429,0,0,0,214,delta,2
2.2745,0,0,0,214,delta,2
2.2952,0,0,0,214,delta,2
2.3149,0,0,0,214,delta,2
2.335,0,0,0,214,delta,2
2.3554,0,0,0,214,delta,2
2.3867,0,0,0,214,delta,2
2.407,0,0,0,214,delta,2
2.4268,0,0,0,214,delta,2
2.4471,0,0,0,214,delta,2
2.4678,0,0,0,214,delta,2
2.4988,0,0,0,214,delta,2
2.5189,0,0,0,214,delta,2
2.5387,0,0,0,214,delta,2
2.5586,0,0,0,214,delta,2
2.5923,0,0,0,214,delta,2
2.6632,8,7,2,215,interval,2
2.6848,8,8,2,215,interval,2
2.7052,8,8,2,215,interval,2
2.7261,8,8,2,215,interval,2
2.7458,8,8,2,215,interval,2
2.7775,8,8,2,215,interval,2
2.7984,8,8,2,215,interval,2
2.8191,8,8,2,215,interval,2
2.8416,8,8,2,215,interval,2
2.8623,8,8,8,216,delta,2
2.8951,8,8,8,216,delta,2
2.9147,8,8,8,216,delta,2
2.936,8,8,8,216,delta,2
2.9557,8,8,8,216,delta,2
2.9756,8,8,8,216,delta,2
3.0067,8,8,8,216,delta,2
3.0266,8,8,8,216,delta,2
3.0472,8,8,8,216,delta,2
3.0677,8,8,8,216,delta,2
3.0878,8,8,8,216,delta,2
3.1186,8,8,8,216,delta,2
3.1385,8,8,8,216,delta,2
3.159,8,8,8,216,delta,2
3.1788,8,8,8,216,delta,2
3.1986,8,8,8,216,delta,2
3.23,8,8,8,216,delta,2
3.2501,8,8,8,216,delta,2
3.2701,8,8,8,216,delta,2
3.2897,8,8,8,216,delta,2
3.3108,8,8,8,216,delta,2
3.3419,8,8,8,216,delta,2
3.3616,8,8,8,216,delta,2
3.382,8,8,8,216,delta,2
3.4017,8,8,8,216,delta,2
3.4218,8,8,8,216,delta,2
3.453,8,8,8,216,delta,2
3.4737,8,8,8,216,delta,2
3.4941,8,8,8,216,delta,2
3.5137,8,8,8,216,delta,2
3.5336,8,8,8,216,delta,2
3.5648,8,8,8,216,delta,2
3.5847,8,8,8,216,delta,2
3.605,8,8,8,216,delta,2
3.6252,8,8,8,216,delta,2
3.6475,8,8,8,216,delta,2
3.6798,8,8,8,216,delta,2
3.6997,8,8,8,216,delta,2
3.7199,8,8,8,216,delta,2
3.7407,8,8,8,216,delta,2
3.761,8,8,8,216,delta,2
3.7933,8,8,8,216,delta,2
3.8146,8,8,8,216,delta,2
3.8349,8,8,8,216,delta,2
3.8547,8,8,8,216,delta,2
3.875,8,8,8,216,delta,2
3.9078,8,8,8,216,delta,2
3.9295,8,8,8,216,delta,2
3.9505,8,8,8,216,delta,2
3.9707,8,8,8,216,delta,2
3.9907,8,8,8,216,delta,2
4.0218,8,8,8,216,delta,2
4.0428,8,8,8,216,delta,2
4.0634,8,8,8,216,delta,2
4.0839,8,8,8,216,delta,2
4.1041,8,8,8,216,delta,2
4.1367,8,8,8,216,delta,2
4.1567,8,8,8,216,delta,2
4.1771,8,8,8,216,delta,2
4.1969,8,8,8,216,delta,2
4.217,8,8,8,216,delta,2
4.2481,8,8,8,216,delta,2
4.2677,8,8,8,216,delta,2
4.2881,8,8,8,216,delta,2
4.31,8,8,8,216,delta,2
4.3298,8,8,8,216,delta,2
4.361,8,8,8,216,delta,2
4.3808,8,8,8,216,delta,2
4.4012,8,8,8,216,delta,2
4.4209,8,8,8,216,delta,2
4.4406,8,8,8,216,delta,2
4.472,8,8,8,216,delta,2
4.4917,8,8,8,216,delta,2
4.5121,8,8,8,216,delta,2
4.5338,8,8,8,216,delta,2
4.554,8,8,8,216,delta,2
4.585,8,8,8,216,delta,2
4.605,8,8,8,216,delta,2
4.6255,8,8,8,216,delta,2
4.649,8,8,8,216,delta,2
4.6703,8,8,8,216,delta,2
4.7025,8,8,8,216,delta,2
4.7241,8,8,8,216,delta,2
4.7442,8,8,8,216,delta,2
4.7643,8,8,8,216,delta,2
4.7859,8,8,8,216,delta,2
4.8165,8,8,8,216,delta,2
4.8375,8,8,8,216,delta,2
4.8578,8,8,8,216,delta,2
4.878,8,8,8,216,delta,2
4.8987,8,8,8,216,delta,2
4.9306,8,8,8,216,delta,2
4.9517,8,8,8,216,delta,2
4.9718,8,8,8,216,delta,2
4.9917,8,8,8,216,delta,2
5.0119,8,8,8,216,delta,2
5.0429,8,8,8,216,delta,2
5.063,8,8,8,216,delta,2
5.0827,8,8,8,216,delta,2
5.1029,8,8,8,216,delta,2
5.1229,8,8,8,216,delta,2
5.1537,8,8,8,216,delta,2
5.1738,8,8,8,216,delta,2
5.194,8,8,8,216,delta,2
5.2141,8,8,8,216,delta,2
5.2345,8,8,8,216,delta,2
5.2663,8,8,8,216,delta,2
5.2873,8,8,8,216,delta,2
5.3078,8,8,8,216,delta,2
5.3298,8,8,8,216,delta,2
5.3502,8,8,8,216,delta,2
5.383,8,8,8,216,delta,2
5.4028,8,8,8,216,delta,2
5.4229,8,8,8,216,delta,2
5.4431,8,8,8,216,delta,2
5.4648,8,8,8,216,delta,2
5.4963,8,8,8,216,delta,2
5.517,8,8,8,216,delta,2
5.5369,8,8,8,216,delta,2
5.557,8,8,8,216,delta,2
5.5767,8,8,8,216,delta,2
5.6077,8,8,8,216,delta,2
5.6279,8,8,8,216,delta,2
5.6496,8,8,8,216,delta,2
5.67,8,8,8,216,delta,2
5.6897,8,8,8,216,delta,2
5.7209,8,8,8,216,delta,2
5.7408,8,8,8,216,delta,2
5.7609,8,8,8,216,delta,2
5.7811,8,8,8,216,delta,2
5.8009,8,8,8,216,delta,2
5.8321,8,8,8,216,delta,2
5.8537,8,8,8,216,delta,2
5.874,8,8,8,216,delta,2
5.8954,8,8,8,216,delta,2
5.9164,8,8,8,216,delta,2
5.9501,8,8,8,216,delta,2
5.9697,8,8,8,216,delta,2
5.9911,8,8,8,216,delta,2
6.0108,8,8,8,216,delta,2
6.0306,8,8,8,216,delta,2
6.0619,8,8,8,216,delta,2
6.0818,8,8,8,216,delta,2
6.102,8,8,8,216,delta,2
6.1218,8,8,8,216,delta,2
6.1418,8,8,8,216,delta,2
6.1726,8,8,8,216,delta,2
6.1926,8,8,8,216,delta,2
6.2132,8,8,8,216,delta,2
6.2348,8,8,8,216,delta,2
6.2548,8,8,8,216,delta,2
6.2856,8,8,8,216,delta,2
6.3065,8,8,8,216,delta,2
6.3271,8,8,8,216,delta,2
6.3467,8,8,8,216,delta,2
6.3666,8,8,8,216,delta,2
6.3973,8,8,8,216,delta,2
6.4177,8,8,8,216,delta,2
6.4389,8,8,8,216,delta,2
6.4588,8,8,8,216,delta,2
6.4789,8,8,8,216,delta,2
6.5119,8,8,8,216,delta,2
6.5318,8,8,8,216,delta,2
6.5518,8,8,8,216,delta,2
6.5718,8,8,8,216,delta,2
6.5918,8,8,8,216,delta,2
6.6227,8,8,8,216,delta,2
6.6431,8,8,8,216,delta,2
6.6634,8,8,8,216,delta,2
6.6846,8,8,8,216,delta,2
6.7047,8,8,8,216,delta,2
6.7362,8,8,8,216,delta,2
6.7569,8,8,8,216,delta,2
6.7781,8,8,8,216,delta,2
6.8004,8,8,8,216,delta,2
6.8221,8,8,8,216,delta,2
6.8537,8,8,8,216,delta,2
6.875,8,8,8,216,delta,2
6.895,8,8,8,216,delta,2
6.9148,8,8,8,216,delta,2
6.935,8,8,8,216,delta,2
6.9661,8,8,8,216,delta,2
6.9868,8,8,8,216,delta,2
7.0067,8,8,8,216,delta,2
7.0265,8,8,8,216,delta,2
7.0471,8,8,8,216,delta,2
7.0792,8,8,8,216,delta,2
7.1009,8,8,8,216,delta,2
7.1209,8,8,8,216,delta,2
7.1432,8,8,8,216,delta,2
7.1646,8,8,8,216,delta,2
7.196,8,8,8,216,delta,2
7.2157,8,8,8,216,delta,2
7.2356,8,8,8,216,delta,2
7.256,8,8,8,216,delta,2
7.276,8,8,8,216,delta,2
7.3079,8,8,8,216,delta,2
7.3288,8,8,8,216,delta,2
7.3493,8,8,8,216,delta,2
7.3701,8,8,8,216,delta,2
7.3901,8,8,8,216,delta,2
7.4245,8,8,8,216,delta,2
7.4444,8,8,8,216,delta,2
7.4652,8,8,8,216,delta,2
7.4869,8,8,8,216,delta,2
7.5069,8,8,8,216,delta,2
7.5398,8,8,8,216,delta,2
7.5605,8,8,8,216,delta,2
7.581,8,8,8,216,delta,2
7.601,8,8,8,216,delta,2
7.6217,8,8,8,216,delta,2
7.6541,8,8,8,216,delta,2
7.7512,0,8,8,216,delta,2
8.2133,0,8,8,216,delta,2
8.2473,0,8,8,216,delta,2
8.3797,0,0,0,216,delta,2
8.5122,0,0,0,216,delta,2
8.5326,0,0,0,216,delta,2
8.5529,0,0,0,216,delta,2
8.5744,0,0,0,216,delta,2
8.5948,0,0,0,216,delta,2
8.6264,0,0,0,216,delta,2
8.6479,0,0,0,216,delta,2
8.6677,0,0,0,216,delta,2
8.6877,0,0,0,216,delta,2
8.7076,0,0,0,216,delta,2
8.7394,0,0,0,216,delta,2
8.7599,0,0,0,216,delta,2
8.7799,0,0,0,216,delta,2
8.8002,0,0,0,216,delta,2
8.8209,0,0,0,216,delta,2
8.8524,0,0,0,216,delta,2
8.8728,0,0,0,216,delta,2
8.8928,0,0,0,216,delta,2
8.9132,0,0,0,216,delta,2
8.9337,0,0,0,216,delta,2
8.9647,0,0,0,216,delta,2
8.9846,0,0,0,216,delta,2
9.0045,0,0,0,216,delta,2
9.0248,0,0,0,216,delta,2
9.0452,0,0,0,216,delta,2
9.0769,0,0,0,216,delta,2
9.0973,0,0,0,216,delta,2
9.1179,0,0,0,216,delta,2
9.1379,0,0,0,216,delta,2
9.1577,0,0,0,216,delta,2
9.1888,0,0,0,216,delta,2
9.2095,0,0,0,216,delta,2
9.2296,0,0,0,216,delta,2
9.2506,0,0,0,216,delta,2
9.3232,52,10,10,217,none,2
9.402,33,30,10,217,interval,2
9.4455,26,28,10,217,interval,2
9.4817,20,22,10,217,interval,2
9.5032,20,21,10,217,interval,2
9.5258,20,20,10,217,interval,2
9.559,20,20,20,218,delta,2
9.5799,20,20,20,218,delta,2
9.6002,20,20,20,218,delta,2
9.6212,20,20,20,218,delta,2
9.6423,20,20,20,218,delta,2
9.6753,20,20,20,218,delta,2
9.6961,20,20,20,218,delta,2
9.7159,20,20,20,218,delta,2
9.7365,20,20,20,218,delta,2
9.7583,20,20,20,218,delta,2
9.7893,20,20,20,218,delta,2
9.81,20,20,20,218,delta,2
9.8299,20,20,20,218,delta,2
9.8506,20,20,20,218,delta,2
9.873,20,20,20,218,delta,2
9.9089,20,20,20,218,delta,2
9.9298,20,20,20,218,delta,2
9.9506,20,20,20,218,delta,2
9.9726,20,20,20,218,delta,2
9.9938,20,20,20,218,delta,2
10.0268,20,20,20,218,delta,2
10.0481,20,20,20,218,delta,2
10.0704,20,20,20,218,delta,2
10.0921,20,20,20,218,delta,2
10.1146,20,20,20,218,delta,2
10.1467,20,20,20,218,delta,2
10.1685,20,20,20,218,delta,2
10.1897,20,20,20,218,delta,2
10.2098,20,20,20,218,delta,2
10.2303,20,20,20,218,delta,2
10.2627,20,20,20,218,delta,2
10.2847,20,20,20,218,delta,2
10.306,20,20,20,218,delta,2
10.3277,20,20,20,218,delta,2
10.349,20,20,20,218,delta,2
10.3811,20,20,20,218,delta,2
10.4019,20,20,20,218,delta,2
10.4218,20,20,20,218,delta,2
10.4424,20,20,20,218,delta,2
10.464,20,20,20,218,delta,2
10.495,20,20,20,218,delta,2
10.5158,20,20,20,218,delta,2
10.536,20,20,20,218,delta,2
10.5564,20,20,20,218,delta,2
10.5781,20,20,20,218,delta,2
10.6126,20,20,20,218,delta,2
10.6338,20,20,20,218,delta,2
10.6545,20,20,20,218,delta,2
10.6759,20,20,20,218,delta,2
10.696,20,20,20,218,delta,2
10.7289,20,20,20,218,delta,2
10.7499,20,20,20,218,delta,2
10.7704,20,20,20,218,delta,2
10.7922,20,20,20,218,delta,2
10.8167,20,20,20,218,delta,2
10.8489,20,20,20,218,delta,2
10.8703,20,20,20,218,delta,2
10.892,20,20,20,218,delta,2
10.9123,20,20,20,218,delta,2
10.9344,20,20,20,218,delta,2
10.9693,20,20,20,218,delta,2
10.9898,20,20,20,218,delta,2
11.0099,20,20,20,218,delta,2
11.0305,20,20,20,218,delta,2
11.0523,20,20,20,218,delta,2
11.087,20,20,20,218,delta,2
11.1079,20,20,20,218,delta,2
11.1282,20,20,20,218,delta,2
11.1504,20,20,20,218,delta,2
11.172,20,20,20,218,delta,2
11.2065,20,20,20,218,delta,2
11.2278,20,20,20,218,delta,2
11.2483,20,20,20,218,delta,2
11.2698,20,20,20,218,delta,2
11.2902,20,20,20,218,delta,2
11.3233,20,20,20,218,delta,2
11.3451,20,20,20,218,delta,2
11.3674,20,20,20,218,delta,2
11.3888,20,20,20,218,delta,2
11.4118,20,20,20,218,delta,2
11.4458,20,20,20,218,delta,2
11.4671,20,20,20,218,delta,2
11.4891,20,20,20,218,delta,2
11.5092,20,20,20,218,delta,2
11.5313,20,20,20,218,delta,2
11.5663,20,20,20,218,delta,2
11.5868,20,20,20,218,delta,2
11.6072,20,20,20,218,delta,2
11.629,20,20,20,218,delta,2
11.6492,20,20,20,218,delta,2
11.6819,20,20,20,218,delta,2
11.703,20,20,20,218,delta,2
11.7233,20,20,20,218,delta,2
11.7456,20,20,20,218,delta,2
11.767,20,20,20,218,delta,2
11.8024,20,20,20,218,delta,2
11.8231,20,20,20,218,delta,2
11.8456,20,20,20,218,delta,2
11.8674,20,20,20,218,delta,2
11.8916,20,20,20,218,delta,2
11.9242,20,20,20,218,delta,2
11.9453,20,20,20,218,delta,2
11.9672,20,20,20,218,delta,2
11.9872,20,20,20,218,delta,2
12.0093,20,20,20,218,delta,2
12.0441,20,20,20,218,delta,2
12.065,20,20,20,218,delta,2
12.0848,20,20,20,218,delta,2
12.1054,20,20,20,218,delta,2
12.127,20,20,20,218,delta,2
12.158,20,20,20,218,delta,2
12.1788,20,20,20,218,delta,2
12.1989,20,20,20,218,delta,2
12.2193,20,20,20,218,delta,2
12.241,20,20,20,218,delta,2
12.2724,20,20,20,218,delta,2
12.2932,20,20,20,218,delta,2
12.3151,20,20,20,218,delta,2
12.3374,20,20,20,218,delta,2
12.359,20,20,20,218,delta,2
12.3935,20,20,20,218,delta,2
12.4148,20,20,20,218,delta,2
12.436,20,20,20,218,delta,2
12.4569,20,20,20,218,delta,2
12.4772,20,20,20,218,delta,2
12.512,20,20,20,218,delta,2
12.5329,20,20,20,218,delta,2
12.5537,20,20,20,218,delta,2
12.5752,20,20,20,218,delta,2
12.5954,20,20,20,218,delta,2
12.6277,20,20,20,218,delta,2
12.6488,20,20,20,218,delta,2
12.6695,20,20,20,218,delta,2
12.6908,20,20,20,218,delta,2
12.7112,20,20,20,218,delta,2
12.7458,20,20,20,218,delta,2
12.7675,20,20,20,218,delta,2
12.7895,20,20,20,218,delta,2
12.8109,20,20,20,218,delta,2
12.8335,20,20,20,218,delta,2
12.8677,20,20,20,218,delta,2
12.8891,20,20,20,218,delta,2
12.911,20,20,20,218,delta,2
12.931,20,20,20,218,delta,2
12.9513,20,20,20,218,delta,2
12.9834,20,20,20,218,delta,2
13.0052,20,20,20,218,delta,2
13.0268,20,20,20,218,delta,2
13.0494,20,20,20,218,delta,2
13.0709,20,20,20,218,delta,2
13.1045,20,20,20,218,delta,2
13.125,20,20,20,218,delta,2
13.145,20,20,20,218,delta,2
13.1655,20,20,20,218,delta,2
13.1868,20,20,20,218,delta,2
13.2177,20,20,20,218,delta,2
13.2388,20,20,20,218,delta,2
13.2588,20,20,20,218,delta,2
13.2796,20,20,20,218,delta,2
13.3012,20,20,20,218,delta,2
13.3326,20,20,20,218,delta,2
13.3546,20,20,20,218,delta,2
13.3761,20,20,20,218,delta,2
13.3987,20,20,20,218,delta,2
13.4211,20,20,20,218,delta,2
13.4553,20,20,20,218,delta,2
13.4763,20,20,20,218,delta,2
13.4984,20,20,20,218,delta,2
13.5198,20,20,20,218,delta,2
13.54,20,20,20,218,delta,2
13.5726,20,20,20,218,delta,2
13.594,20,20,20,218,delta,2
13.6164,20,20,20,218,delta,2
13.638,20,20,20,218,delta,2
13.6605,20,20,20,218,delta,2
13.6918,20,20,20,218,delta,2
13.7122,20,20,20,218,delta,2
13.7333,20,20,20,218,delta,2
13.7558,20,20,20,218,delta,2
13.7779,20,20,20,218,delta,2
13.8121,20,20,20,218,delta,2
13.8331,20,20,20,218,delta,2
13.8549,20,20,20,218,delta,2
13.8754,20,20,20,218,delta,2
13.8969,20,20,20,218,delta,2
13.9299,20,20,20,218,delta,2
13.9508,20,20,20,218,delta,2
13.9711,20,20,20,218,delta,2
13.9933,20,20,20,218,delta,2
14.0149,20,20,20,218,delta,2
14.0498,20,20,20,218,delta,2
14.0715,20,20,20,218,delta,2
14.0935,20,20,20,218,delta,2
14.1152,20,20,20,218,delta,2
14.1374,20,20,20,218,delta,2
14.1694,20,20,20,218,delta,2
14.19,20,20,20,218,delta,2
14.2111,20,20,20,218,delta,2
14.2328,20,20,20,218,delta,2
14.2534,20,20,20,218,delta,2
14.29,20,20,20,218,delta,2
14.3107,20,20,20,218,delta,2
14.3326,20,20,20,218,delta,2
14.3546,20,20,20,218,delta,2
14.3758,20,20,20,218,delta,2
14.4067,20,20,20,218,delta,2
14.428,20,20,20,218,delta,2
14.4507,20,20,20,218,delta,2
14.4725,20,20,20,218,delta,2
14.494,20,20,20,218,delta,1
15.0491,0,20,20,218,delta,1
15.1496,0,20,20,218,delta,1
15.1695,0,20,20,218,delta,1
15.1895,0,20,20,218,delta,1
15.2095,0,20,20,218,delta,1
15.2416,0,20,20,218,delta,1
15.2616,0,20,20,218,delta,1
15.2817,0,20,20,218,delta,1
15.3019,0,20,20,218,delta,1
15.3216,0,20,20,218,delta,1
15.3536,0,20,20,218,delta,1
15.3746,0,20,20,218,delta,1
15.3948,0,20,20,218,delta,1
15.4147,0,20,20,218,delta,1
15.4344,0,20,20,218,delta,1
15.4651,0,20,20,218,delta,1
15.4852,0,20,20,218,delta,1
15.5057,0,20,20,218,delta,1
15.5255,0,20,20,218,delta,1
15.5454,0,20,20,218,delta,1
15.5775,0,20,20,218,delta,1
15.5976,0,20,20,218,delta,1
15.6178,0,20,20,218,delta,1
15.6377,0,20,20,218,delta,1
15.6575,0,20,20,218,delta,1
15.6883,0,20,20,218,delta,1
15.7087,0,20,20,218,delta,1
15.7289,0,20,20,218,delta,1
15.7495,0,20,20,218,delta,1
15.7694,0,20,20,218,delta,1
15.8006,0,20,20,218,delta,1
15.8204,0,20,20,218,delta,1
15.8407,0,20,20,218,delta,1
15.8605,0,20,20,218,delta,1
15.8814,0,20,20,218,delta,1
15.9125,0,20,20,218,delta,1
15.9327,0,20,20,218,delta,1
15.9527,0,20,20,218,delta,1
15.9726,0,20,20,218,delta,1
15.9925,0,20,20,218,delta,1
16.0234,0,20,20,218,delta,1
16.0435,0,20,20,218,delta,1
16.0642,0,20,20,218,delta,1
16.0845,0,20,20,218,delta,1
16.1045,0,20,20,218,delta,1
16.1355,0,20,20,218,delta,1
16.1553,0,20,20,218,delta,1
16.1755,0,20,20,218,delta,1
16.1956,0,20,20,218,delta,1
16.2155,0,20,20,218,delta,1
16.2464,0,20,20,218,delta,1
16.2669,0,20,20,218,delta,1
16.2878,0,20,20,218,delta,1
16.3076,0,20,20,218,delta,1
16.3277,0,20,20,218,delta,1
16.3595,0,20,20,218,delta,1
16.3793,0,20,20,218,delta,1
16.4,0,20,20,218,delta,1
16.4205,0,20,20,218,delta,1
16.4406,0,20,20,218,delta,1
16.4727,0,20,20,218,delta,1
16.493,0,20,20,218,delta,1
16.514,0,20,20,218,delta,1
16.5344,0,20,20,218,delta,1
16.5545,0,20,20,218,delta,1
16.5855,0,20,20,218,delta,1
16.6053,0,20,20,218,delta,1
16.6258,0,20,20,218,delta,1
16.6458,0,20,20,218,delta,1
16.6661,0,20,20,218,delta,1
16.6971,0,20,20,218,delta,1
16.7173,0,20,20,218,delta,1
16.7377,0,20,20,218,delta,1
16.7575,0,20,20,218,delta,1
16.7775,0,20,20,218,delta,1
16.8085,0,20,20,218,delta,1
16.8285,0,20,20,218,delta,1
16.8486,0,20,20,218,delta,1
16.8687,0,20,20,218,delta,1
16.8884,0,20,20,218,delta,1
16.9196,0,20,20,218,delta,1
16.9393,0,20,20,218,delta,1
16.9598,0,20,20,218,delta,1
16.9795,0,20,20,218,delta,1
16.9995,0,20,20,218,delta,1
17.0303,0,20,20,218,delta,1
17.0503,0,20,20,218,delta,1
17.0709,0,20,20,218,delta,1
17.0915,0,20,20,218,delta,1
17.1115,0,20,20,218,delta,1
17.1422,0,20,20,218,delta,1
17.1623,0,20,20,218,delta,1
17.1828,0,20,20,218,delta,1
17.2026,0,20,20,218,delta,1
17.2224,0,20,20,218,delta,1
17.2536,0,20,20,218,delta,1
17.2741,0,20,20,218,delta,1
17.295,0,20,20,218,delta,1
17.3158,0,20,20,218,delta,1
17.336,0,20,20,218,delta,1
17.3675,0,20,20,218,delta,1
17.3876,0,20,20,218,delta,1
17.4076,0,20,20,218,delta,1
17.4275,0,20,20,218,delta,1
17.4476,0,20,20,218,delta,1
17.4795,0,20,20,218,delta,1
17.4994,0,20,20,218,delta,1
17.5197,0,20,20,218,delta,1
17.5395,0,20,20,218,delta,1
17.5594,0,20,20,218,delta,1
17.5904,0,20,20,218,delta,1
17.6112,0,20,20,218,delta,1
17.6321,0,20,20,218,delta,1
17.6531,0,20,20,218,delta,1
17.6753,0,20,20,218,delta,1
17.7067,0,20,20,218,delta,1
17.7268,0,20,20,218,delta,1
17.7465,0,20,20,218,delta,1
17.7668,0,20,20,218,delta,1
17.7871,0,20,20,218,delta,1
17.8183,0,20,20,218,delta,1
17.8387,0,20,20,218,delta,1
17.859,0,20,20,218,delta,1
17.8797,0,20,20,218,delta,1
17.9001,0,20,20,218,delta,1
17.9325,0,20,20,218,delta,1
17.9527,0,20,20,218,delta,1
17.9726,0,20,20,218,delta,1
17.9925,0,20,20,218,delta,1
18.0127,0,20,20,218,delta,1
18.0434,0,20,20,218,delta,1
18.0639,0,20,20,218,delta,1
18.0844,0,20,20,218,delta,1
18.1046,0,20,20,218,delta,1
18.1248,0,20,20,218,delta,1
18.1552,0,20,20,218,delta,1
18.1756,0,20,20,218,delta,1
18.1953,0,20,20,218,delta,1
18.2158,0,20,20,218,delta,1
18.2364,0,20,20,218,delta,1
18.2675,0,20,20,218,delta,1
18.2877,0,20,20,218,delta,1
18.3078,0,20,20,218,delta,1
18.3275,0,20,20,218,delta,1
18.3477,0,20,20,218,delta,1
18.3796,0,20,20,218,delta,1
18.3995,0,20,20,218,delta,1
18.4196,0,20,20,218,delta,1
18.4395,0,20,20,218,delta,1
18.4597,0,20,20,218,delta,1
18.4905,0,20,20,218,delta,1
18.5106,0,20,20,218,delta,1
18.5304,0,20,20,218,delta,1
18.5503,0,20,20,218,delta,1
18.5706,0,20,20,218,delta,1
18.6014,0,20,20,218,delta,1
18.6216,0,20,20,218,delta,1
18.6416,0,20,20,218,delta,1
18.6615,0,20,20,218,delta,1
18.6816,0,20,20,218,delta,1
18.7124,0,20,20,218,delta,1
18.7328,0,20,20,218,delta,1
18.7525,0,20,20,218,delta,1
18.7724,0,20,20,218,delta,1
18.7929,0,20,20,218,delta,1
18.8249,0,20,20,218,delta,1
18.8457,0,20,20,218,delta,1
18.8655,0,20,20,218,delta,1
18.8853,0,20,20,218,delta,1
18.9056,0,20,20,218,delta,1
18.9364,0,20,20,218,delta,1
18.9566,0,20,20,218,delta,1
18.9765,0,20,20,218,delta,1
18.9965,0,20,20,218,delta,1
19.0167,0,20,20,218,delta,1
19.0474,0,20,20,218,delta,1
19.0681,0,20,20,218,delta,1
19.089,0,20,20,218,delta,1
19.1115,0,20,20,218,delta,1
19.1314,0,20,20,218,delta,1
19.1624,0,20,20,218,delta,1
19.1825,0,20,20,218,delta,1
19.2024,0,20,20,218,delta,1
19.2227,0,20,20,218,delta,1
19.2425,0,20,20,218,delta,1
19.2737,0,20,20,218,delta,1
19.2935,0,20,20,218,delta,1
19.3133,0,20,20,218,delta,1
19.3338,0,20,20,218,delta,1
19.3545,0,20,20,218,delta,1
19.3857,0,20,20,218,delta,1
19.4054,0,20,20,218,delta,1
19.4254,0,20,20,218,delta,1
19.4457,0,20,20,218,delta,1
19.4656,0,20,20,218,delta,1
19.4966,0,20,20,218,delta,1
19.5165,0,20,20,218,delta,1
19.5365,0,20,20,218,delta,1
19.5565,0,20,20,218,delta,1
19.5764,0,20,20,218,delta,1
19.6077,0,20,20,218,delta,1
19.6278,0,20,20,218,delta,1
19.6477,0,20,20,218,delta,1
19.6678,0,20,20,218,delta,1
19.6885,0,20,20,218,delta,1
19.7195,0,20,20,218,delta,1
19.7396,0,20,20,218,delta,1
19.7597,0,20,20,218,delta,1
19.7805,0,20,20,218,delta,1
19.8013,0,20,20,218,delta,1
19.8323,0,20,20,218,delta,1
19.8525,0,20,20,218,delta,1
19.8724,0,20,20,218,delta,1
19.8926,0,20,20,218,delta,1
19.9126,0,20,20,218,delta,1
19.9433,0,20,20,218,delta,1
19.9637,0,20,20,218,delta,1
19.9836,0,20,20,218,delta,1
20.0039,0,20,20,218,delta,1
20.0244,0,20,20,218,delta,1
20.0555,0,20,20,218,delta,1
20.0754,0,20,20,218,delta,1
20.1716,0,20,20,218,delta,1
20.2584,0,20,20,218,delta,1
20.2786,0,20,20,218,delta,1
20.311,0,20,20,218,delta,1
20.3314,0,20,20,218,delta,1
20.3524,0,20,20,218,delta,1
20.3729,0,20,20,218,delta,1
20.3936,0,20,20,218,delta,1
20.4242,0,20,20,218,delta,1
20.4444,0,20,20,218,delta,1
20.4645,0,20,20,218,delta,1
20.4851,0,20,20,218,delta,1
20.5055,0,20,20,218,delta,1
20.537,0,20,20,218,delta,1
20.5575,0,20,20,218,delta,1
20.578,0,20,20,218,delta,1
20.5988,0,20,20,218,delta,1
20.6189,0,20,20,218,delta,1
20.6506,0,20,20,218,delta,1
20.6705,0,20,20,218,delta,1
20.6905,0,20,20,218,delta,1
20.7111,0,20,20,218,delta,1
20.7317,0,20,20,218,delta,1
20.7637,0,20,20,218,delta,1
20.7836,0,20,20,218,delta,1
20.8038,0,20,20,218,delta,1
20.825,0,20,20,218,delta,1
20.8456,0,20,20,218,delta,1
20.8764,0,20,20,218,delta,1
20.8964,0,20,20,218,delta,1
20.9164,0,20,20,218,delta,1
20.9367,0,20,20,218,delta,1
20.9567,0,20,20,218,delta,1
20.9875,0,20,20,218,delta,1
21.0076,0,20,20,218,delta,1
21.0275,0,20,20,218,delta,1
21.048,0,20,20,218,delta,1
21.0686,0,20,20,218,delta,1
21.0998,0,20,20,218,delta,1
21.1206,0,20,20,218,delta,1
21.1405,0,20,20,218,delta,1
21.1606,0,20,20,218,delta,1
21.1806,0,20,20,218,delta,1
21.2115,0,20,20,218,delta,1
21.2315,0,20,20,218,delta,1
21.2518,0,20,20,218,delta,1
21.2732,0,20,20,218,delta,1
21.2934,0,20,20,218,delta,1
21.3243,0,20,20,218,delta,1
21.3443,0,20,20,218,delta,1
21.3646,0,20,20,218,delta,1
21.3849,0,20,20,218,delta,1
21.4055,0,20,20,218,delta,1
21.4364,0,20,20,218,delta,1
21.4564,0,20,20,218,delta,1
21.4765,0,20,20,218,delta,1
21.4966,0,20,20,218,delta,1
21.5169,0,20,20,218,delta,1
21.5485,0,20,20,218,delta,1
21.5687,0,20,20,218,delta,1
21.5887,0,20,20,218,delta,1
21.6091,0,20,20,218,delta,1
21.6296,0,20,20,218,delta,1
21.6602,0,20,20,218,delta,1
21.6803,0,20,20,218,delta,1
21.7006,0,20,20,218,delta,1
21.7209,0,20,20,218,delta,1
21.7416,0,20,20,218,delta,1
21.7724,0,20,20,218,delta,1
21.7924,0,20,20,218,delta,1
21.8124,0,20,20,218,delta,1
21.8327,0,20,20,218,delta,1
21.8531,0,20,20,218,delta,1
21.8845,0,20,20,218,delta,1
21.9044,0,20,20,218,delta,1
21.9249,0,20,20,218,delta,1
21.9457,0,20,20,218,delta,1
21.9659,0,20,20,218,delta,1
21.9974,0,20,20,218,delta,1
22.0175,0,20,20,218,delta,1
22.0374,0,20,20,218,delta,1
22.0583,0,20,20,218,delta,1
22.0787,0,20,20,218,delta,1
22.1095,0,20,20,218,delta,1
22.1293,0,20,20,218,delta,1
22.1493,0,20,20,218,delta,1
22.1697,0,20,20,218,delta,1
22.1896,0,20,20,218,delta,1
22.2203,0,20,20,218,delta,1
22.2405,0,20,20,218,delta,1
22.2606,0,20,20,218,delta,1
22.2808,0,20,20,218,delta,1
22.3016,0,20,20,218,delta,1
22.3322,0,20,20,218,delta,1
22.3523,0,20,20,218,delta,1
22.3726,0,20,20,218,delta,1
22.3928,0,20,20,218,delta,1
22.4134,0,20,20,218,delta,1
22.4447,0,20,20,218,delta,1
22.4647,0,20,20,218,delta,1
22.4847,0,20,20,218,delta,1
22.5049,0,20,20,218,delta,1
22.5257,0,20,20,218,delta,1
22.5563,0,20,20,218,delta,1
22.5766,0,20,20,218,delta,1
22.5966,0,20,20,218,delta,1
22.6169,0,20,20,218,delta,1
22.6378,0,20,20,218,delta,1
22.6692,0,20,20,218,delta,1
22.6895,0,20,20,218,delta,1
22.7096,0,20,20,218,delta,1
22.7299,0,20,20,218,delta,1
22.7509,0,20,20,218,delta,1
22.7825,0,20,20,218,delta,1
22.8025,0,20,20,218,delta,1
22.8227,0,20,20,218,delta,1
22.8431,0,20,20,218,delta,1
22.8635,0,20,20,218,delta,1
22.8946,0,20,20,218,delta,1
22.9145,0,20,20,218,delta,1
22.9345,0,20,20,218,delta,1
22.9549,0,20,20,218,delta,1
22.9763,0,20,20,218,delta,1
23.0072,0,20,20,218,delta,1
23.0274,0,20,20,218,delta,1
23.0474,0,20,20,218,delta,1
23.0676,0,20,20,218,delta,1
23.0878,0,20,20,218,delta,1
23.1197,0,20,20,218,delta,1
23.1396,0,20,20,218,delta,1
23.1595,0,20,20,218,delta,1
23.1795,0,20,20,218,delta,1
23.1995,0,20,20,218,delta,1
23.2315,0,20,20,218,delta,1
23.2521,0,20,20,218,delta,1
23.2725,0,20,20,218,delta,1
23.2926,0,20,20,218,delta,1
23.3125,0,20,20,218,delta,1
23.3435,0,20,20,218,delta,1
23.3635,0,20,20,218,delta,1
23.3834,0,20,20,218,delta,1
23.4037,0,20,20,218,delta,1
23.4236,0,20,20,218,delta,1
23.4548,0,20,20,218,delta,1
23.4754,0,20,20,218,delta,1
23.4955,0,20,20,218,delta,1
23.5158,0,20,20,218,delta,1
23.5366,0,20,20,218,delta,1
23.5676,0,20,20,218,delta,1
23.5874,0,20,20,218,delta,1
23.6076,0,20,20,218,delta,1
23.6279,0,20,20,218,delta,1
23.6486,0,20,20,218,delta,1
23.6794,0,20,20,218,delta,1
23.6993,0,20,20,218,delta,1
23.7194,0,20,20,218,delta,1
23.7399,0,20,20,218,delta,1
23.7609,0,20,20,218,delta,1
23.7922,0,20,20,218,delta,1
23.8126,0,20,20,218,delta,1
23.833,0,20,20,218,delta,1
23.8536,0,20,20,218,delta,1
23.8742,0,20,20,218,delta,1
23.9054,0,20,20,218,delta,1
23.9261,0,20,20,218,delta,1
23.9465,0,20,20,218,delta,1
23.9667,0,20,20,218,delta,1
23.9866,0,20,20,218,delta,1
24.0171,0,20,20,218,delta,1
24.0374,0,20,20,218,delta,1
24.0574,0,20,20,218,delta,1
24.0776,0,20,20,218,delta,1
24.0974,0,20,20,218,delta,1
24.1285,0,20,20,218,delta,1
24.1484,0,20,20,218,delta,1
24.1682,0,20,20,218,delta,1
24.1886,0,20,20,218,delta,1
24.2086,0,20,20,218,delta,1
24.2392,0,20,20,218,delta,1
24.2595,0,20,20,218,delta,1
24.2794,0,20,20,218,delta,1
24.2997,0,20,20,218,delta,1
24.3197,0,20,20,218,delta,1
24.3506,0,20,20,218,delta,1
24.3708,0,20,20,218,delta,1
24.3914,0,20,20,218,delta,1
24.4117,0,20,20,218,delta,1
24.4325,0,20,20,218,delta,1
24.4632,0,20,20,218,delta,1
24.4834,0,20,20,218,delta,1
24.5035,0,20,20,218,delta,1
24.5237,0,20,20,218,delta,1
24.5445,0,20,20,218,delta,1
24.5755,0,20,20,218,delta,1
24.5953,0,20,20,218,delta,1
24.6159,0,20,20,218,delta,1
24.6368,0,20,20,218,delta,1
24.6577,0,20,20,218,delta,1
24.6883,0,20,20,218,delta,1
24.7082,0,20,20,218,delta,1
24.7284,0,20,20,218,delta,1
24.7487,0,20,20,218,delta,1
24.7697,0,20,20,218,delta,1
24.8004,0,20,20,218,delta,1
24.8205,0,20,20,218,delta,1
24.8405,0,20,20,218,delta,1
24.8607,0,20,20,218,delta,1
24.8817,0,20,20,218,delta,1
24.9137,0,20,20,218,delta,1
24.9354,0,20,20,218,delta,1
24.9554,0,20,20,218,delta,1
24.9756,0,20,20,218,delta,1
24.9957,0,20,20,218,delta,1
25.0262,0,20,20,218,delta,1
25.0464,0,20,20,218,delta,1
25.0664,0,20,20,218,delta,1
25.0867,0,20,20,218,delta,1
25.1064,0,20,20,218,delta,1
25.1371,0,20,20,218,delta,1
25.1573,0,20,20,218,delta,1
25.1778,0,20,20,218,delta,1
25.2687,0,20,20,218,delta,1
25.3517,0,20,20,218,delta,1
25.3823,0,20,20,218,delta,1
25.4023,0,20,20,218,delta,1
25.4226,0,20,20,218,delta,1
25.4425,0,20,20,218,delta,1
25.4624,0,20,20,218,delta,1
25.4934,0,20,20,218,delta,1
25.5134,0,20,20,218,delta,1
25.5338,0,20,20,218,delta,1
25.5545,0,20,20,218,delta,1
25.5744,0,20,20,218,delta,1
25.6055,0,20,20,218,delta,1
25.6254,0,20,20,218,delta,1
25.6456,0,20,20,218,delta,1
25.6659,0,20,20,218,delta,1
25.6865,0,20,20,218,delta,1
25.7173,0,20,20,218,delta,1
25.7378,0,20,20,218,delta,1
25.759,0,20,20,218,delta,1
25.7797,0,20,20,218,delta,1
25.7999,0,20,20,218,delta,1
25.8315,0,20,20,218,delta,1
25.8516,0,20,20,218,delta,1
25.8726,0,20,20,218,delta,1
25.8926,0,20,20,218,delta,1
25.9128,0,20,20,218,delta,1
25.9451,0,20,20,218,delta,1
25.9656,0,20,20,218,delta,1
25.9868,0,20,20,218,delta,1
26.0082,0,20,20,218,delta,1
26.0304,0,20,20,218,delta,1
26.0614,0,20,20,218,delta,1
26.0816,0,20,20,218,delta,1
26.1018,0,20,20,218,delta,1
26.1225,0,20,20,218,delta,1
26.1428,0,20,20,218,delta,1
26.1743,0,20,20,218,delta,1
26.1946,0,20,20,218,delta,1
26.2143,0,20,20,218,delta,1
26.2346,0,20,20,218,delta,1
26.2548,0,20,20,218,delta,1
26.2862,0,20,20,218,delta,1
26.3065,0,20,20,218,delta,1
26.3266,0,20,20,218,delta,1
26.3466,0,20,20,218,delta,1
26.3667,0,20,20,218,delta,1
26.3984,0,20,20,218,delta,1
26.419,0,20,20,218,delta,1
26.4396,0,20,20,218,delta,1
26.4596,0,20,20,218,delta,1
26.4797,0,20,20,218,delta,1
26.5115,0,20,20,218,delta,1
26.5319,0,20,20,218,delta,1
26.5528,0,20,20,218,delta,1
26.5754,0,20,20,218,delta,1
26.596,0,20,20,218,delta,1
26.6274,0,20,20,218,delta,1
26.6473,0,20,20,218,delta,1
26.6674,0,20,20,218,delta,1
26.6877,0,20,20,218,delta,1
26.7083,0,20,20,218,delta,1
26.7391,0,20,20,218,delta,1
26.7591,0,20,20,218,delta,1
26.7793,0,20,20,218,delta,1
26.7997,0,20,20,218,delta,1
26.82,0,20,20,218,delta,1
26.8526,0,20,20,218,delta,1
26.8726,0,20,20,218,delta,1
26.8924,0,20,20,218,delta,1
26.9128,0,20,20,218,delta,1
26.9335,0,20,20,218,delta,1
26.9649,0,20,20,218,delta,1
26.9855,0,20,20,218,delta,1
27.0057,0,20,20,218,delta,1
27.0256,0,20,20,218,delta,1
27.0456,0,20,20,218,delta,1
27.0769,0,20,20,218,delta,1
27.0977,0,20,20,218,delta,1
27.1183,0,20,20,218,delta,1
27.1386,0,20,20,218,delta,1
27.1586,0,20,20,218,delta,1
27.1891,0,20,20,218,delta,1
27.2093,0,20,20,218,delta,1
27.2293,0,20,20,218,delta,1
27.2495,0,20,20,218,delta,1
27.2698,0,20,20,218,delta,1
27.3016,0,20,20,218,delta,1
27.3217,0,20,20,218,delta,1
27.3426,0,20,20,218,delta,1
27.3628,0,20,20,218,delta,1
27.3842,0,20,20,218,delta,1
27.4164,0,20,20,218,delta,1
27.4366,0,20,20,218,delta,1
27.4566,0,20,20,218,delta,1
27.477,0,20,20,218,delta,1
27.498,0,20,20,218,delta,1
27.5291,0,20,20,218,delta,1
27.5494,0,20,20,218,delta,1
27.5694,0,20,20,218,delta,1
27.5896,0,20,20,218,delta,1
27.6097,0,20,20,218,delta,1
27.6416,0,20,20,218,delta,1
27.6614,0,20,20,218,delta,1
27.6815,0,20,20,218,delta,1
27.7016,0,20,20,218,delta,1
27.7213,0,20,20,218,delta,1
27.7525,0,20,20,218,delta,1
27.7724,0,20,20,218,delta,1
27.7928,0,20,20,218,delta,1
27.8139,0,20,20,218,delta,1
27.8345,0,20,20,218,delta,1
27.8657,0,20,20,218,delta,1
27.8865,0,20,20,218,delta,1
27.9065,0,20,20,218,delta,1
27.9265,0,20,20,218,delta,1
27.9466,0,20,20,218,delta,1
27.9775,0,20,20,218,delta,1
27.9976,0,20,20,218,delta,1
28.0175,0,20,20,218,delta,1
28.0375,0,20,20,218,delta,1
28.0574,0,20,20,218,delta,1
28.0884,0,20,20,218,delta,1
28.1085,0,20,20,218,delta,1
28.1284,0,20,20,218,delta,1
28.1485,0,20,20,218,delta,1
28.1684,0,20,20,218,delta,1
28.1991,0,20,20,218,delta,1
28.2192,0,20,20,218,delta,1
28.2403,0,20,20,218,delta,1
28.2606,0,20,20,218,delta,1
28.2815,0,20,20,218,delta,1
28.3125,0,20,20,218,delta,1
28.3325,0,20,20,218,delta,1
28.3524,0,20,20,218,delta,1
28.3727,0,20,20,218,delta,1
28.3935,0,20,20,218,delta,1
28.4245,0,20,20,218,delta,1
28.4444,0,20,20,218,delta,1
28.4643,0,20,20,218,delta,1
28.4869,0,20,20,218,delta,1
28.5075,0,20,20,218,delta,1
28.5402,0,20,20,218,delta,1
28.5602,0,20,20,218,delta,1
28.5806,0,20,20,218,delta,1
28.6007,0,20,20,218,delta,1
28.6206,0,20,20,218,delta,1
28.6524,0,20,20,218,delta,1
28.6721,0,20,20,218,delta,1
28.6928,0,20,20,218,delta,1
28.7141,0,20,20,218,delta,1
28.7343,0,20,20,218,delta,1
28.7655,0,20,20,218,delta,1
28.7854,0,20,20,218,delta,1
28.8057,0,20,20,218,delta,1
28.8266,0,20,20,218,delta,1
28.8471,0,20,20,218,delta,1
28.8797,0,20,20,218,delta,1
28.9002,0,20,20,218,delta,1
28.9214,0,20,20,218,delta,1
28.9416,0,20,20,218,delta,1
28.9619,0,20,20,218,delta,1
28.9945,0,20,20,218,delta,1
29.0144,0,20,20,218,delta,1
29.0344,0,20,20,218,delta,1
29.0544,0,20,20,218,delta,1
29.0747,0,20,20,218,delta,1
29.1065,0,20,20,218,delta,1
29.1264,0,20,20,218,delta,1
29.1465,0,20,20,218,delta,1
29.1663,0,20,20,218,delta,1
29.1863,0,20,20,218,delta,1
29.2175,0,20,20,218,delta,1
29.2373,0,20,20,218,delta,1
29.2582,0,20,20,218,delta,1
29.2784,0,20,20,218,delta,1
29.2986,0,20,20,218,delta,1
29.3312,0,20,20,218,delta,1
29.3511,0,20,20,218,delta,1
29.3715,0,20,20,218,delta,1
29.3917,0,20,20,218,delta,1
29.4124,0,20,20,218,delta,1
29.444,0,20,20,218,delta,1
29.4642,0,20,20,218,delta,1
29.4851,0,20,20,218,delta,1
29.5052,0,20,20,218,delta,1
29.5252,0,20,20,218,delta,1
29.5559,0,20,20,218,delta,1
29.5765,0,20,20,218,delta,1
29.5967,0,20,20,218,delta,1
29.6174,0,20,20,218,delta,1
29.6373,0,20,20,218,delta,1
29.6684,0,20,20,218,delta,1
29.6881,0,20,20,218,delta,1
29.7086,0,20,20,218,delta,1
29.7455,0,20,20,218,delta,1
29.7656,0,20,20,218,delta,1
29.7974,0,20,20,218,delta,1
29.8175,0,20,20,218,delta,1
29.8375,0,20,20,218,delta,1
29.8576,0,20,20,218,delta,1
29.8782,0,20,20,218,delta,1
29.9098,0,20,20,218,delta,1
29.9309,0,20,20,218,delta,1
29.9513,0,20,20,218,delta,1
29.9732,0,20,20,218,delta,1
29.9934,0,20,20,218,delta,1
30.0243,0,20,20,218,delta,1
30.0444,0,20,20,218,delta,1
30.0643,0,20,20,218,delta,1
30.0845,0,20,20,218,delta,1
30.1045,0,20,20,218,delta,1
30.1355,0,20,20,218,delta,1
30.1556,0,20,20,218,delta,1
30.1755,0,20,20,218,delta,1
30.1958,0,20,20,218,delta,1
30.2164,0,20,20,218,delta,1
30.2473,0,20,20,218,delta,1
30.2673,0,20,20,218,delta,1
30.2875,0,20,20,218,delta,1
30.3076,0,20,20,218,delta,1
30.3275,0,20,20,218,delta,1
30.3584,0,20,20,218,delta,1
30.3783,0,20,20,218,delta,1
30.3991,0,20,20,218,delta,1
30.4197,0,20,20,218,delta,1
30.4405,0,20,20,218,delta,1
30.4721,0,20,20,218,delta,1
30.4923,0,20,20,218,delta,1
30.5124,0,20,20,218,delta,1
30.5325,0,20,20,218,delta,1
30.5525,0,20,20,218,delta,1
30.5833,0,20,20,218,delta,1
30.6035,0,20,20,218,delta,1
30.6236,0,20,20,218,delta,1
30.6441,0,20,20,218,delta,1
30.6648,0,20,20,218,delta,1
30.6963,0,20,20,218,delta,1
30.7164,0,20,20,218,delta,1
30.7366,0,20,20,218,delta,1
30.7567,0,20,20,218,delta,1
30.7775,0,20,20,218,delta,1
30.8086,0,20,20,218,delta,1
30.8283,0,20,20,218,delta,1
30.8485,0,20,20,218,delta,1
30.8685,0,20,20,218,delta,1
30.8885,0,20,20,218,delta,1
30.9192,0,20,20,218,delta,1
30.9393,0,20,20,218,delta,1
30.9593,0,20,20,218,delta,1
30.9795,0,20,20,218,delta,1
30.9996,0,20,20,218,delta,1
31.0301,0,20,20,218,delta,1
31.0502,0,20,20,218,delta,1
31.0704,0,20,20,218,delta,1
31.0905,0,20,20,218,delta,1
31.1102,0,20,20,218,delta,1
31.1417,0,20,20,218,delta,1
31.1622,0,20,20,218,delta,1
31.1823,0,20,20,218,delta,1
31.2024,0,20,20,218,delta,1
31.2225,0,20,20,218,delta,1
31.2534,0,20,20,218,delta,1
31.2736,0,20,20,218,delta,1
31.2946,0,20,20,218,delta,1
31.3148,0,20,20,218,delta,1
31.3354,0,20,20,218,delta,1
31.3664,0,20,20,218,delta,1
31.3868,0,20,20,218,delta,1
31.4074,0,20,20,218,delta,1
31.428,0,20,20,218,delta,1
31.4486,0,20,20,218,delta,1
31.4797,0,20,20,218,delta,1
31.5004,0,20,20,218,delta,1
31.5203,0,20,20,218,delta,1
31.5406,0,20,20,218,delta,1
31.5604,0,20,20,218,delta,1
31.5913,0,20,20,218,delta,1
31.6112,0,20,20,218,delta,1
31.6314,0,20,20,218,delta,1
31.6521,0,20,20,218,delta,1
31.6722,0,20,20,218,delta,1
31.7034,0,20,20,218,delta,1
31.7234,0,20,20,218,delta,1
31.7435,0,20,20,218,delta,1
31.7637,0,20,20,218,delta,1
31.7845,0,20,20,218,delta,1
31.8154,0,20,20,218,delta,1
31.8353,0,20,20,218,delta,1
31.8553,0,20,20,218,delta,1
31.8758,0,20,20,218,delta,1
31.8964,0,20,20,218,delta,1
31.9284,0,20,20,218,delta,1
31.9486,0,20,20,218,delta,1
31.9697,0,20,20,218,delta,1
31.991,0,20,20,218,delta,1
32.0114,0,20,20,218,delta,1
32.042,0,20,20,218,delta,1
32.0621,0,20,20,218,delta,1
32.0823,0,20,20,218,delta,1
32.1026,0,20,20,218,delta,1
32.1234,0,20,20,218,delta,1
32.1542,0,20,20,218,delta,1
32.1741,0,20,20,218,delta,1
32.1942,0,20,20,218,delta,1
32.2146,0,20,20,218,delta,1
32.2353,0,20,20,218,delta,1
32.2665,0,20,20,218,delta,1
32.2862,0,20,20,218,delta,1
32.3062,0,20,20,218,delta,1
32.3266,0,20,20,218,delta,1
32.3474,0,20,20,218,delta,1
32.3786,0,20,20,218,delta,1
32.3983,0,20,20,218,delta,1
32.4181,0,20,20,218,delta,1
32.4385,0,20,20,218,delta,1
32.4583,0,20,20,218,delta,1
32.4894,0,20,20,218,delta,1
32.5094,0,20,20,218,delta,1
32.5294,0,20,20,218,delta,1
32.5494,0,20,20,218,delta,1
32.5695,0,20,20,218,delta,1
32.6003,0,20,20,218,delta,1
32.6209,0,20,20,218,delta,1
32.6413,0,20,20,218,delta,1
32.6614,0,20,20,218,delta,1
32.6814,0,20,20,218,delta,1
32.7124,0,20,20,218,delta,1
32.7325,0,20,20,218,delta,1
32.7525,0,20,20,218,delta,1
32.7725,0,20,20,218,delta,1
32.7925,0,20,20,218,delta,1
32.8234,0,20,20,218,delta,1
32.8433,0,20,20,218,delta,1
32.8635,0,20,20,218,delta,1
32.8839,0,20,20,218,delta,1
32.9043,0,20,20,218,delta,1
32.9354,0,20,20,218,delta,1
32.9554,0,20,20,218,delta,1
32.9755,0,20,20,218,delta,1
32.996,0,20,20,218,delta,1
33.0162,0,20,20,218,delta,1
33.0471,0,20,20,218,delta,1
33.0674,0,20,20,218,delta,1
33.0874,0,20,20,218,delta,1
33.1078,0,20,20,218,delta,1
33.1285,0,20,20,218,delta,1
33.1592,0,20,20,218,delta,1
33.1792,0,20,20,218,delta,1
33.1994,0,20,20,218,delta,1
33.2201,0,20,20,218,delta,1
33.2403,0,20,20,218,delta,1
33.2715,0,20,20,218,delta,1
33.2915,0,20,20,218,delta,1
33.3113,0,20,20,218,delta,1
33.3314,0,20,20,218,delta,1
33.3513,0,20,20,218,delta,1
33.3826,0,20,20,218,delta,1
33.4042,0,20,20,218,delta,1
33.4248,0,20,20,218,delta,1
33.4457,0,20,20,218,delta,1
33.4663,0,20,20,218,delta,1
33.5003,0,20,20,218,delta,1
33.5883,0,20,20,218,delta,1
33.6769,0,20,20,218,delta,1
33.6974,0,20,20,218,delta,1
33.7172,0,20,20,218,delta,1
33.7505,0,20,20,218,delta,1
33.7703,0,20,20,218,delta,1
33.7909,0,20,20,218,delta,1
33.8116,0,20,20,218,delta,1
33.8325,0,20,20,218,delta,1
33.8629,0,20,20,218,delta,1
33.8838,0,20,20,218,delta,1
33.9048,0,20,20,218,delta,1
33.9254,0,20,20,218,delta,1
33.9454,0,20,20,218,delta,1
33.9763,0,20,20,218,delta,1
33.9961,0,20,20,218,delta,1
34.0173,0,20,20,218,delta,1
34.0373,0,20,20,218,delta,1
34.0573,0,20,20,218,delta,1
34.0884,0,20,20,218,delta,1
34.1086,0,20,20,218,delta,1
34.1294,0,20,20,218,delta,1
34.1495,0,20,20,218,delta,1
34.1703,0,20,20,218,delta,1
34.2012,0,20,20,218,delta,1
34.2212,0,20,20,218,delta,1
34.2414,0,20,20,218,delta,1
34.2617,0,20,20,218,delta,1
34.2838,0,20,20,218,delta,1
34.3163,0,20,20,218,delta,1
34.3364,0,20,20,218,delta,1
34.3577,0,20,20,218,delta,1
34.3782,0,20,20,218,delta,1
34.3985,0,20,20,218,delta,2
34.5046,0,0,0,218,delta,2
34.5247,0,0,0,218,delta,2
34.5452,0,0,0,218,delta,2
34.5655,0,0,0,218,delta,2
34.5852,0,0,0,218,delta,2
34.6164,0,0,0,218,delta,2
34.6365,0,0,0,218,delta,2
34.695,0,0,0,218,delta,2
34.7143,0,0,0,218,delta,2
34.7345,0,0,0,218,delta,2
34.7663,0,0,0,218,delta,2
34.7874,0,0,0,218,delta,2
34.8074,0,0,0,218,delta,2
34.8281,0,0,0,218,delta,2
34.8497,0,0,0,218,delta,2
34.8822,0,0,0,218,delta,2
34.9032,0,0,0,218,delta,2
34.9234,0,0,0,218,delta,2
34.9441,0,0,0,218,delta,2
34.9653,0,0,0,218,delta,2
34.9961,0,0,0,218,delta,2
35.0174,0,0,0,218,delta,2
35.0374,0,0,0,218,delta,2
35.0578,0,0,0,218,delta,2
35.0777,0,0,0,218,delta,2
35.1144,0,0,0,218,delta,2
35.1351,0,0,0,218,delta,2
35.1553,0,0,0,218,delta,2
35.1753,0,0,0,218,delta,2
35.1952,0,0,0,218,delta,2
35.2343,0,0,0,218,delta,2
35.2552,0,0,0,218,delta,2
35.2755,0,0,0,218,delta,2
35.2956,0,0,0,218,delta,2
35.3154,0,0,0,218,delta,2
35.3464,0,0,0,218,delta,2
35.3672,0,0,0,218,delta,2
35.3875,0,0,0,218,delta,2
35.4074,0,0,0,218,delta,2
35.4273,0,0,0,218,delta,2
35.4583,0,0,0,218,delta,2
35.4794,0,0,0,218,delta,2
35.4998,0,0,0,218,delta,2
35.5198,0,0,0,218,delta,2
35.5398,0,0,0,218,delta,2
35.5723,0,0,0,218,delta,2
35.5934,0,0,0,218,delta,2
35.6139,0,0,0,218,delta,2
35.6353,0,0,0,218,delta,2
35.6555,0,0,0,218,delta,2
35.6845,0,0,0,218,delta,2
35.7059,0,0,0,218,delta,2
35.727,0,0,0,218,delta,2
35.7485,0,0,0,218,delta,2
35.771,0,0,0,218,delta,2
35.8055,0,0,0,218,delta,2
35.8272,0,0,0,218,delta,2
35.8487,0,0,0,218,delta,2
35.8693,0,0,0,218,delta,2
35.8907,0,0,0,218,delta,2
35.9268,0,0,0,218,delta,2
35.947,0,0,0,218,delta,2
35.9682,0,0,0,218,delta,2
35.9889,0,0,0,218,delta,2
36.0102,0,0,0,218,delta,2
36.0413,0,0,0,218,delta,2
36.0623,0,0,0,218,delta,2
36.0823,0,0,0,218,delta,2
36.1025,0,0,0,218,delta,2
36.1222,0,0,0,218,delta,2
36.1531,0,0,0,218,delta,2
36.1742,0,0,0,218,delta,2
36.1941,0,0,0,218,delta,2
36.2144,0,0,0,218,delta,2
36.2343,0,0,0,218,delta,2
36.2664,0,0,0,218,delta,2
36.2865,0,0,0,218,delta,2
36.3063,0,0,0,218,delta,2
36.3267,0,0,0,218,delta,2
36.3483,0,0,0,218,delta,2
36.3795,0,0,0,218,delta,2
36.3993,0,0,0,218,delta,2
36.4195,0,0,0,218,delta,2
36.4417,0,0,0,218,delta,2
36.4623,0,0,0,218,delta,2
36.4952,0,0,0,218,delta,2
36.5155,0,0,0,218,delta,2
36.5359,0,0,0,218,delta,2
36.5564,0,0,0,218,delta,2
36.5764,0,0,0,218,delta,2
36.608,0,0,0,218,delta,2
36.6282,0,0,0,218,delta,2
36.6492,0,0,0,218,delta,2
36.6693,0,0,0,218,delta,2
36.6895,0,0,0,218,delta,2
36.7226,0,0,0,218,delta,2
36.7432,0,0,0,218,delta,2
36.7641,0,0,0,218,delta,2
36.7856,0,0,0,218,delta,2
36.8091,0,0,0,218,delta,2
36.841,0,0,0,218,delta,2
36.8617,0,0,0,218,delta,2
36.8824,0,0,0,218,delta,2
36.9035,0,0,0,218,delta,2
36.9241,0,0,0,218,delta,2
36.9566,0,0,0,218,delta,2
36.9775,0,0,0,218,delta,2
36.9973,0,0,0,218,delta,2
37.0173,0,0,0,218,delta,2
37.0375,0,0,0,218,delta,2
37.0683,0,0,0,218,delta,2
37.0885,0,0,0,218,delta,2
37.1094,0,0,0,218,delta,2
37.1293,0,0,0,218,delta,2
37.1499,0,0,0,218,delta,2
37.1819,0,0,0,218,delta,2
37.2035,0,0,0,218,delta,2
37.2233,0,0,0,218,delta,2
37.2434,0,0,0,218,delta,2
37.2639,0,0,0,218,delta,2
37.2956,0,0,0,218,delta,2
37.3174,0,0,0,218,delta,2
37.3373,0,0,0,218,delta,2
37.3599,0,0,0,218,delta,2
37.3815,0,0,0,218,delta,2
37.4126,0,0,0,218,delta,2
37.4332,0,0,0,218,delta,2
37.4535,0,0,0,218,delta,2
37.4742,0,0,0,218,delta,2
37.4943,0,0,0,218,delta,2
37.5265,0,0,0,218,delta,2
37.5484,0,0,0,218,delta,2
37.5684,0,0,0,218,delta,2
37.5885,0,0,0,218,delta,2
37.6096,0,0,0,218,delta,2
37.64,0,0,0,218,delta,2
37.6601,0,0,0,218,delta,2
37.6802,0,0,0,218,delta,2
37.7031,0,0,0,218,delta,2
37.7252,0,0,0,218,delta,2
37.7573,0,0,0,218,delta,2
37.7775,0,0,0,218,delta,2
37.7981,0,0,0,218,delta,2
37.8194,0,0,0,218,delta,2
37.8398,0,0,0,218,delta,2
37.8724,0,0,0,218,delta,2
37.8931,0,0,0,218,delta,2
37.9134,0,0,0,218,delta,2
37.9334,0,0,0,218,delta,2
37.9537,0,0,0,218,delta,2
37.9864,0,0,0,218,delta,2
38.0075,0,0,0,218,delta,2
38.0278,0,0,0,218,delta,2
38.0476,0,0,0,218,delta,2
38.0691,0,0,0,218,delta,2
38.1002,0,0,0,218,delta,2
38.1203,0,0,0,218,delta,2
38.1407,0,0,0,218,delta,2
38.1612,0,0,0,218,delta,2
38.1813,0,0,0,218,delta,2
38.2151,0,0,0,218,delta,2
38.2353,0,0,0,218,delta,2
38.2559,0,0,0,218,delta,2
38.2771,0,0,0,218,delta,2
38.2975,0,0,0,218,delta,2
38.3284,0,0,0,218,delta,2
38.3492,0,0,0,218,delta,2
38.37,0,0,0,218,delta,2
38.3918,0,0,0,218,delta,2
38.4154,0,0,0,218,delta,2
38.4462,0,0,0,218,delta,2
38.4681,0,0,0,218,delta,2
38.4895,0,0,0,218,delta,2
38.5094,0,0,0,218,delta,2
38.5298,0,0,0,218,delta,2
38.5614,0,0,0,218,delta,2
38.5816,0,0,0,218,delta,2
38.6031,0,0,0,218,delta,2
38.6255,0,0,0,218,delta,2
38.6453,0,0,0,218,delta,2
38.6764,0,0,0,218,delta,2
38.6975,0,0,0,218,delta,2
38.7175,0,0,0,218,delta,2
38.7378,0,0,0,218,delta,2
38.7591,0,0,0,218,delta,2
38.7906,0,0,0,218,delta,2
38.8112,0,0,0,218,delta,2
38.8315,0,0,0,218,delta,2
38.8521,0,0,0,218,delta,2
38.8723,0,0,0,218,delta,2
38.9046,0,0,0,218,delta,2
38.9251,0,0,0,218,delta,2
38.9453,0,0,0,218,delta,2
38.9657,0,0,0,218,delta,2
38.9863,0,0,0,218,delta,2
39.0183,0,0,0,218,delta,2
39.0392,0,0,0,218,delta,2
39.0592,0,0,0,218,delta,2
39.0794,0,0,0,218,delta,2
39.0992,0,0,0,218,delta,2
39.1304,0,0,0,218,delta,2
39.1512,0,0,0,218,delta,2
39.1712,0,0,0,218,delta,2
39.1917,0,0,0,218,delta,2
39.2124,0,0,0,218,delta,2
39.2434,0,0,0,218,delta,2
39.2633,0,0,0,218,delta,2
39.2834,0,0,0,218,delta,2
39.3044,0,0,0,218,delta,2
39.3244,0,0,0,218,delta,2
39.3575,0,0,0,218,delta,2
39.3772,0,0,0,218,delta,2
39.3973,0,0,0,218,delta,2
39.4198,0,0,0,218,delta,2
39.5212,0,0,0,218,delta,1
