t_s,bufPctRaw,bufPctSmoothed,bufPctDrawn,redraws,lastSkipReason
0.0,0,0,0,85,delta
0.0201,0,0,0,85,delta
0.0396,0,0,0,85,delta
0.0596,0,0,0,85,delta
0.0798,0,0,0,85,delta
0.0995,0,0,0,85,delta
0.1196,0,0,0,85,delta
0.1397,0,0,0,85,delta
0.1597,0,0,0,85,delta
0.1796,0,0,0,85,delta
0.2001,0,0,0,85,delta
0.2217,0,0,0,85,delta
0.2417,0,0,0,85,delta
0.262,0,0,0,85,delta
0.2817,0,0,0,85,delta
0.3019,0,0,0,85,delta
0.322,0,0,0,85,delta
0.3418,0,0,0,85,delta
0.3617,0,0,0,85,delta
0.3817,0,0,0,85,delta
0.4018,0,0,0,85,delta
0.4217,0,0,0,85,delta
0.442,0,0,0,85,delta
0.4617,0,0,0,85,delta
0.4816,0,0,0,85,delta
0.5022,0,0,0,85,delta
0.5989,0,0,0,85,delta
1.0808,0,0,0,85,delta
1.1764,0,0,0,85,delta
1.2663,0,0,0,85,delta
1.287,0,0,0,85,delta
1.3066,0,0,0,85,delta
1.3267,0,0,0,85,delta
1.3471,0,0,0,85,delta
1.4146,0,0,0,85,delta
1.4804,0,0,0,85,delta
1.5463,0,0,0,85,delta
1.6127,0,0,0,85,delta
1.6788,0,0,0,85,delta
1.7451,0,0,0,85,delta
1.8104,0,0,0,85,delta
1.8765,0,0,0,85,delta
1.9426,0,0,0,85,delta
2.0086,0,0,0,85,delta
2.0751,0,0,0,85,delta
2.1405,0,0,0,85,delta
2.2072,0,0,0,85,delta
2.2736,0,0,0,85,delta
2.3399,0,0,0,85,delta
2.4056,0,0,0,85,delta
2.4715,0,0,0,85,delta
2.5374,0,0,0,85,delta
2.6038,0,0,0,85,delta
2.6697,0,0,0,85,delta
2.7359,0,0,0,85,delta
2.8049,0,0,0,85,delta
2.8703,0,0,0,85,delta
2.9366,0,0,0,85,delta
3.0027,0,0,0,85,delta
3.0683,0,0,0,85,delta
3.1346,0,0,0,85,delta
3.2005,0,0,0,85,delta
3.2664,0,0,0,85,delta
3.3331,0,0,0,85,delta
3.3987,0,0,0,85,delta
3.4647,0,0,0,85,delta
3.5306,0,0,0,85,delta
3.5966,0,0,0,85,delta
3.6626,0,0,0,85,delta
3.7289,0,0,0,85,delta
3.7949,0,0,0,85,delta
3.8609,0,0,0,85,delta
3.8808,0,0,0,85,delta
3.9006,0,0,0,85,delta
3.9226,0,0,0,85,delta
3.9427,0,0,0,85,delta
3.9625,0,0,0,85,delta
3.9829,0,0,0,85,delta
4.0026,0,0,0,85,delta
4.0224,0,0,0,85,delta
4.0427,0,0,0,85,delta
4.0627,0,0,0,85,delta
4.0829,0,0,0,85,delta
4.1029,0,0,0,85,delta
4.1228,0,0,0,85,delta
4.1433,0,0,0,85,delta
4.1638,0,0,0,85,delta
4.1837,0,0,0,85,delta
4.2035,0,0,0,85,delta
4.2238,0,0,0,85,delta
4.2436,0,0,0,85,delta
4.264,0,0,0,85,delta
4.2839,0,0,0,85,delta
4.3048,0,0,0,85,delta
4.3246,0,0,0,85,delta
4.3449,0,0,0,85,delta
4.3648,0,0,0,85,delta
4.3847,0,0,0,85,delta
4.4048,0,0,0,85,delta
4.4246,0,0,0,85,delta
4.4447,0,0,0,85,delta
4.4647,0,0,0,85,delta
4.4846,0,0,0,85,delta
4.5046,0,0,0,85,delta
4.5249,0,0,0,85,delta
4.5445,0,0,0,85,delta
4.5646,0,0,0,85,delta
4.5847,0,0,0,85,delta
4.6044,0,0,0,85,delta
4.6245,0,0,0,85,delta
4.6448,0,0,0,85,delta
4.6647,0,0,0,85,delta
4.6848,0,0,0,85,delta
4.7051,0,0,0,85,delta
4.7269,0,0,0,85,delta
4.7475,0,0,0,85,delta
4.7678,0,0,0,85,delta
4.7877,0,0,0,85,delta
4.8077,0,0,0,85,delta
4.8277,0,0,0,85,delta
4.8475,0,0,0,85,delta
4.8675,0,0,0,85,delta
4.8877,0,0,0,85,delta
4.9078,0,0,0,85,delta
4.9278,0,0,0,85,delta
4.948,0,0,0,85,delta
4.9697,0,0,0,85,delta
4.9895,0,0,0,85,delta
5.0098,0,0,0,85,delta
5.0297,0,0,0,85,delta
5.0494,0,0,0,85,delta
5.0697,0,0,0,85,delta
5.0896,0,0,0,85,delta
5.1096,0,0,0,85,delta
5.1299,0,0,0,85,delta
5.1496,0,0,0,85,delta
5.1695,0,0,0,85,delta
5.1898,0,0,0,85,delta
5.2095,0,0,0,85,delta
5.2295,0,0,0,85,delta
5.2498,0,0,0,85,delta
5.2695,0,0,0,85,delta
5.2905,0,0,0,85,delta
5.3108,0,0,0,85,delta
5.3305,0,0,0,85,delta
5.3506,0,0,0,85,delta
5.3714,0,0,0,85,delta
5.3916,0,0,0,85,delta
5.4116,0,0,0,85,delta
5.4317,0,0,0,85,delta
5.4516,0,0,0,85,delta
5.4718,0,0,0,85,delta
5.4918,0,0,0,85,delta
5.5115,0,0,0,85,delta
5.5316,0,0,0,85,delta
5.5518,0,0,0,85,delta
5.5715,0,0,0,85,delta
5.5916,0,0,0,85,delta
5.6118,0,0,0,85,delta
5.6316,0,0,0,85,delta
5.6515,0,0,0,85,delta
5.6719,0,0,0,85,delta
5.6918,0,0,0,85,delta
5.7117,0,0,0,85,delta
5.7319,0,0,0,85,delta
5.7516,0,0,0,85,delta
5.7716,0,0,0,85,delta
5.7916,0,0,0,85,delta
5.8116,0,0,0,85,delta
5.8319,0,0,0,85,delta
5.8521,0,0,0,85,delta
5.8725,0,0,0,85,delta
5.8924,0,0,0,85,delta
5.9129,0,0,0,85,delta
5.9326,0,0,0,85,delta
5.9528,0,0,0,85,delta
5.9727,0,0,0,85,delta
5.9927,0,0,0,85,delta
6.0126,0,0,0,85,delta
6.0328,0,0,0,85,delta
6.0525,0,0,0,85,delta
6.0725,0,0,0,85,delta
6.0927,0,0,0,85,delta
6.1129,0,0,0,85,delta
6.133,0,0,0,85,delta
6.1527,0,0,0,85,delta
6.1728,0,0,0,85,delta
6.2704,0,0,0,85,delta
6.75,0,0,0,85,delta
6.837,0,0,0,85,delta
6.8572,0,0,0,85,delta
6.8773,0,0,0,85,delta
6.8997,0,0,0,85,delta
6.9195,0,0,0,85,delta
6.94,0,0,0,85,delta
6.9608,0,0,0,85,delta
6.9804,0,0,0,85,delta
7.0006,0,0,0,85,delta
7.0208,0,0,0,85,delta
7.0403,0,0,0,85,delta
7.0605,0,0,0,85,delta
7.0805,0,0,0,85,delta
7.1004,0,0,0,85,delta
7.1205,0,0,0,85,delta
7.1408,0,0,0,85,delta
7.1603,0,0,0,85,delta
7.1802,0,0,0,85,delta
7.2006,0,0,0,85,delta
7.2204,0,0,0,85,delta
7.2402,0,0,0,85,delta
7.2605,0,0,0,85,delta
7.2803,0,0,0,85,delta
7.3005,0,0,0,85,delta
7.3206,0,0,0,85,delta
7.3407,0,0,0,85,delta
7.3605,0,0,0,85,delta
7.3814,0,0,0,85,delta
7.4014,0,0,0,85,delta
7.4214,0,0,0,85,delta
7.4416,0,0,0,85,delta
7.4614,0,0,0,85,delta
7.4814,0,0,0,85,delta
7.5016,0,0,0,85,delta
7.5212,0,0,0,85,delta
7.5415,0,0,0,85,delta
7.5618,0,0,0,85,delta
7.5814,0,0,0,85,delta
7.6015,0,0,0,85,delta
7.6216,0,0,0,85,delta
7.6413,0,0,0,85,delta
7.6616,0,0,0,85,delta
7.6817,0,0,0,85,delta
7.7013,0,0,0,85,delta
7.7215,0,0,0,85,delta
7.7422,0,0,0,85,delta
7.7625,0,0,0,85,delta
7.7822,0,0,0,85,delta
7.8026,0,0,0,85,delta
7.8225,0,0,0,85,delta
7.8426,0,0,0,85,delta
7.8626,0,0,0,85,delta
7.8823,0,0,0,85,delta
7.9023,0,0,0,85,delta
7.9225,0,0,0,85,delta
7.9423,0,0,0,85,delta
7.9626,0,0,0,85,delta
7.9825,0,0,0,85,delta
8.0023,0,0,0,85,delta
8.0224,0,0,0,85,delta
8.0427,0,0,0,85,delta
8.0624,0,0,0,85,delta
8.0822,0,0,0,85,delta
8.1026,0,0,0,85,delta
8.1226,0,0,0,85,delta
8.1426,0,0,0,85,delta
8.1624,0,0,0,85,delta
8.1824,0,0,0,85,delta
8.2023,0,0,0,85,delta
8.2229,0,0,0,85,delta
8.2423,0,0,0,85,delta
8.2623,0,0,0,85,delta
8.2826,0,0,0,85,delta
8.3046,0,0,0,85,delta
8.3243,0,0,0,85,delta
8.3445,0,0,0,85,delta
8.3643,0,0,0,85,delta
8.3845,0,0,0,85,delta
8.4047,0,0,0,85,delta
8.4245,0,0,0,85,delta
8.4444,0,0,0,85,delta
8.4648,0,0,0,85,delta
8.4846,0,0,0,85,delta
8.5043,0,0,0,85,delta
8.5245,0,0,0,85,delta
8.5443,0,0,0,85,delta
8.565,0,0,0,85,delta
8.5856,0,0,0,85,delta
8.6056,0,0,0,85,delta
8.6254,0,0,0,85,delta
8.6457,0,0,0,85,delta
8.6653,0,0,0,85,delta
8.6852,0,0,0,85,delta
8.7063,0,0,0,85,delta
8.7263,0,0,0,85,delta
8.7465,0,0,0,85,delta
8.7665,0,0,0,85,delta
8.7864,0,0,0,85,delta
8.8063,0,0,0,85,delta
8.8266,0,0,0,85,delta
8.8463,0,0,0,85,delta
8.8663,0,0,0,85,delta
8.8864,0,0,0,85,delta
8.9062,0,0,0,85,delta
8.9263,0,0,0,85,delta
8.9467,0,0,0,85,delta
8.9663,0,0,0,85,delta
8.9863,0,0,0,85,delta
9.0067,0,0,0,85,delta
9.0263,0,0,0,85,delta
9.0464,0,0,0,85,delta
9.0664,0,0,0,85,delta
9.0864,0,0,0,85,delta
9.1066,0,0,0,85,delta
9.1266,0,0,0,85,delta
9.1464,0,0,0,85,delta
9.1662,0,0,0,85,delta
9.1866,0,0,0,85,delta
9.2064,0,0,0,85,delta
9.2264,0,0,0,85,delta
9.2468,0,0,0,85,delta
9.2664,0,0,0,85,delta
9.2865,0,0,0,85,delta
9.3067,0,0,0,85,delta
9.3268,0,0,0,85,delta
9.3465,0,0,0,85,delta
9.3668,0,0,0,85,delta
9.3873,0,0,0,85,delta
9.4074,0,0,0,85,delta
9.4277,0,0,0,85,delta
9.4475,0,0,0,85,delta
9.4673,0,0,0,85,delta
9.4875,0,0,0,85,delta
9.5073,0,0,0,85,delta
9.5274,0,0,0,85,delta
9.5475,0,0,0,85,delta
9.5673,0,0,0,85,delta
9.5873,0,0,0,85,delta
9.6076,0,0,0,85,delta
9.6274,0,0,0,85,delta
9.6475,0,0,0,85,delta
9.6679,0,0,0,85,delta
9.6885,0,0,0,85,delta
9.7086,0,0,0,85,delta
9.7292,0,0,0,85,delta
9.7495,0,0,0,85,delta
9.7694,0,0,0,85,delta
9.7895,0,0,0,85,delta
9.8093,0,0,0,85,delta
9.8293,0,0,0,85,delta
9.8501,0,0,0,85,delta
9.8702,0,0,0,85,delta
9.8902,0,0,0,85,delta
9.9106,0,0,0,85,delta
9.9303,0,0,0,85,delta
9.9503,0,0,0,85,delta
9.9708,0,0,0,85,delta
9.9905,0,0,0,85,delta
10.0104,0,0,0,85,delta
10.0306,0,0,0,85,delta
10.0504,0,0,0,85,delta
10.0703,0,0,0,85,delta
10.0906,0,0,0,85,delta
10.1103,0,0,0,85,delta
10.1304,0,0,0,85,delta
10.1506,0,0,0,85,delta
10.1702,0,0,0,85,delta
10.1903,0,0,0,85,delta
10.2105,0,0,0,85,delta
10.2302,0,0,0,85,delta
10.2503,0,0,0,85,delta
10.2709,0,0,0,85,delta
10.292,0,0,0,85,delta
10.3126,0,0,0,85,delta
10.3334,0,0,0,85,delta
10.3536,0,0,0,85,delta
10.3733,0,0,0,85,delta
10.3935,0,0,0,85,delta
10.4134,0,0,0,85,delta
10.4333,0,0,0,85,delta
10.4534,0,0,0,85,delta
10.4734,0,0,0,85,delta
10.4934,0,0,0,85,delta
10.5135,0,0,0,85,delta
10.5335,0,0,0,85,delta
10.5536,0,0,0,85,delta
10.5735,0,0,0,85,delta
10.5936,0,0,0,85,delta
10.6135,0,0,0,85,delta
10.6335,0,0,0,85,delta
10.6536,0,0,0,85,delta
10.6735,0,0,0,85,delta
10.6938,0,0,0,85,delta
10.7133,0,0,0,85,delta
10.7341,0,0,0,85,delta
10.7547,0,0,0,85,delta
10.7745,0,0,0,85,delta
10.7943,0,0,0,85,delta
10.8145,0,0,0,85,delta
10.8344,0,0,0,85,delta
10.8544,0,0,0,85,delta
10.8745,0,0,0,85,delta
10.8943,0,0,0,85,delta
10.9142,0,0,0,85,delta
10.9345,0,0,0,85,delta
10.9544,0,0,0,85,delta
10.9743,0,0,0,85,delta
10.9944,0,0,0,85,delta
11.0143,0,0,0,85,delta
11.0344,0,0,0,85,delta
11.0544,0,0,0,85,delta
11.0742,0,0,0,85,delta
11.0943,0,0,0,85,delta
11.1146,0,0,0,85,delta
11.1345,0,0,0,85,delta
11.1543,0,0,0,85,delta
11.1744,0,0,0,85,delta
11.1943,0,0,0,85,delta
11.2143,0,0,0,85,delta
11.2344,0,0,0,85,delta
11.2544,0,0,0,85,delta
11.2743,0,0,0,85,delta
11.2946,0,0,0,85,delta
11.3146,0,0,0,85,delta
11.3346,0,0,0,85,delta
11.3545,0,0,0,85,delta
11.3745,0,0,0,85,delta
11.3943,0,0,0,85,delta
11.4144,0,0,0,85,delta
11.4345,0,0,0,85,delta
11.4543,0,0,0,85,delta
11.4746,0,0,0,85,delta
11.4947,0,0,0,85,delta
11.5144,0,0,0,85,delta
11.5348,0,0,0,85,delta
11.5544,0,0,0,85,delta
11.5742,0,0,0,85,delta
11.5943,0,0,0,85,delta
11.6143,0,0,0,85,delta
11.6342,0,0,0,85,delta
11.6546,0,0,0,85,delta
11.6744,0,0,0,85,delta
11.6941,0,0,0,85,delta
11.7144,0,0,0,85,delta
11.7343,0,0,0,85,delta
11.7543,0,0,0,85,delta
11.7744,0,0,0,85,delta
11.7943,0,0,0,85,delta
11.8142,0,0,0,85,delta
11.8345,0,0,0,85,delta
11.8543,0,0,0,85,delta
11.8742,0,0,0,85,delta
11.8945,0,0,0,85,delta
11.9142,0,0,0,85,delta
11.9343,0,0,0,85,delta
11.9544,0,0,0,85,delta
11.9745,0,0,0,85,delta
11.9942,0,0,0,85,delta
12.0145,0,0,0,85,delta
12.0345,0,0,0,85,delta
12.0542,0,0,0,85,delta
12.0744,0,0,0,85,delta
12.0943,0,0,0,85,delta
12.1144,0,0,0,85,delta
12.1346,0,0,0,85,delta
12.1545,0,0,0,85,delta
12.1741,0,0,0,85,delta
12.1944,0,0,0,85,delta
12.2143,0,0,0,85,delta
12.2345,0,0,0,85,delta
12.2544,0,0,0,85,delta
12.2743,0,0,0,85,delta
12.2948,0,0,0,85,delta
12.3146,0,0,0,85,delta
12.3344,0,0,0,85,delta
12.3543,0,0,0,85,delta
12.3744,0,0,0,85,delta
12.3942,0,0,0,85,delta
12.4143,0,0,0,85,delta
12.4347,0,0,0,85,delta
12.4543,0,0,0,85,delta
12.4742,0,0,0,85,delta
12.4944,0,0,0,85,delta
12.5144,0,0,0,85,delta
12.5341,0,0,0,85,delta
12.5544,0,0,0,85,delta
12.5742,0,0,0,85,delta
12.5942,0,0,0,85,delta
12.6144,0,0,0,85,delta
12.6343,0,0,0,85,delta
12.6543,0,0,0,85,delta
12.6745,0,0,0,85,delta
12.6944,0,0,0,85,delta
12.7143,0,0,0,85,delta
12.7345,0,0,0,85,delta
12.7551,0,0,0,85,delta
12.7756,0,0,0,85,delta
12.7955,0,0,0,85,delta
12.8152,0,0,0,85,delta
12.8354,0,0,0,85,delta
12.856,0,0,0,85,delta
12.8766,0,0,0,85,delta
12.9642,0,0,0,85,delta
13.0479,0,0,0,85,delta
13.0685,0,0,0,85,delta
13.0883,0,0,0,85,delta
13.1102,0,0,0,85,delta
13.1304,0,0,0,85,delta
13.1502,0,0,0,85,delta
13.1703,0,0,0,85,delta
13.1903,0,0,0,85,delta
13.2102,0,0,0,85,delta
13.2309,0,0,0,85,delta
13.2512,0,0,0,85,delta
13.2711,0,0,0,85,delta
13.2914,0,0,0,85,delta
13.3112,0,0,0,85,delta
13.3311,0,0,0,85,delta
13.3514,0,0,0,85,delta
13.3714,0,0,0,85,delta
13.3913,0,0,0,85,delta
13.4115,0,0,0,85,delta
13.4315,0,0,0,85,delta
13.4512,0,0,0,85,delta
13.4715,0,0,0,85,delta
13.4912,0,0,0,85,delta
13.5114,0,0,0,85,delta
13.5314,0,0,0,85,delta
13.5515,0,0,0,85,delta
13.5713,0,0,0,85,delta
13.5915,0,0,0,85,delta
13.6118,0,0,0,85,delta
13.6315,0,0,0,85,delta
13.6515,0,0,0,85,delta
13.6712,0,0,0,85,delta
13.6912,0,0,0,85,delta
13.7115,0,0,0,85,delta
13.7312,0,0,0,85,delta
13.7512,0,0,0,85,delta
13.7718,0,0,0,85,delta
13.7918,0,0,0,85,delta
13.8116,0,0,0,85,delta
13.8314,0,0,0,85,delta
13.8515,0,0,0,85,delta
13.8713,0,0,0,85,delta
13.8916,0,0,0,85,delta
13.9114,0,0,0,85,delta
13.9311,0,0,0,85,delta
13.9517,0,0,0,85,delta
13.9716,0,0,0,85,delta
13.9916,0,0,0,85,delta
14.0115,0,0,0,85,delta
14.0314,0,0,0,85,delta
14.0512,0,0,0,85,delta
14.0714,0,0,0,85,delta
14.0913,0,0,0,85,delta
14.1115,0,0,0,85,delta
14.1314,0,0,0,85,delta
14.1514,0,0,0,85,delta
14.1712,0,0,0,85,delta
14.1913,0,0,0,85,delta
14.2113,0,0,0,85,delta
14.2312,0,0,0,85,delta
14.2515,0,0,0,85,delta
14.2714,0,0,0,85,delta
14.2916,0,0,0,85,delta
14.3116,0,0,0,85,delta
14.3314,0,0,0,85,delta
14.3512,0,0,0,85,delta
14.3715,0,0,0,85,delta
14.3915,0,0,0,85,delta
14.4113,0,0,0,85,delta
14.4314,0,0,0,85,delta
14.4516,0,0,0,85,delta
14.4712,0,0,0,85,delta
14.4915,0,0,0,85,delta
14.5112,0,0,0,85,delta
14.5312,0,0,0,85,delta
14.5514,0,0,0,85,delta
14.5713,0,0,0,85,delta
14.5911,0,0,0,85,delta
14.6115,0,0,0,85,delta
14.6313,0,0,0,85,delta
14.6513,0,0,0,85,delta
14.6714,0,0,0,85,delta
14.6913,0,0,0,85,delta
14.7112,0,0,0,85,delta
14.7315,0,0,0,85,delta
14.7515,0,0,0,85,delta
14.7713,0,0,0,85,delta
14.7914,0,0,0,85,delta
14.8117,0,0,0,85,delta
14.8314,0,0,0,85,delta
14.8517,0,0,0,85,delta
14.8714,0,0,0,85,delta
14.8912,0,0,0,85,delta
14.9114,0,0,0,85,delta
14.9313,0,0,0,85,delta
14.9511,0,0,0,85,delta
14.9715,0,0,0,85,delta
14.9912,0,0,0,85,delta
15.0111,0,0,0,85,delta
15.0315,0,0,0,85,delta
15.0512,0,0,0,85,delta
15.0711,0,0,0,85,delta
15.0913,0,0,0,85,delta
15.1112,0,0,0,85,delta
15.1312,0,0,0,85,delta
15.1514,0,0,0,85,delta
15.1713,0,0,0,85,delta
15.1911,0,0,0,85,delta
15.2114,0,0,0,85,delta
15.2312,0,0,0,85,delta
15.2511,0,0,0,85,delta
15.2714,0,0,0,85,delta
15.2913,0,0,0,85,delta
15.3115,0,0,0,85,delta
15.3323,0,0,0,85,delta
15.3522,0,0,0,85,delta
15.3722,0,0,0,85,delta
15.3928,0,0,0,85,delta
15.4133,0,0,0,85,delta
15.4333,0,0,0,85,delta
15.4537,0,0,0,85,delta
15.4732,0,0,0,85,delta
15.4932,0,0,0,85,delta
15.5136,0,0,0,85,delta
15.5332,0,0,0,85,delta
15.5534,0,0,0,85,delta
15.5734,0,0,0,85,delta
15.5934,0,0,0,85,delta
15.6132,0,0,0,85,delta
15.6335,0,0,0,85,delta
15.6532,0,0,0,85,delta
15.6734,0,0,0,85,delta
15.6941,0,0,0,85,delta
15.7142,0,0,0,85,delta
15.7343,0,0,0,85,delta
15.7555,0,0,0,85,delta
15.7751,0,0,0,85,delta
15.7952,0,0,0,85,delta
15.8154,0,0,0,85,delta
15.836,0,0,0,85,delta
15.8563,0,0,0,85,delta
15.8771,0,0,0,85,delta
15.8972,0,0,0,85,delta
15.9172,0,0,0,85,delta
15.9381,0,0,0,85,delta
15.9583,0,0,0,85,delta
15.9781,0,0,0,85,delta
15.9985,0,0,0,85,delta
16.0182,0,0,0,85,delta
16.0381,0,0,0,85,delta
16.0586,0,0,0,85,delta
16.0782,0,0,0,85,delta
16.0981,0,0,0,85,delta
16.1184,0,0,0,85,delta
16.1383,0,0,0,85,delta
16.1582,0,0,0,85,delta
16.1784,0,0,0,85,delta
16.1983,0,0,0,85,delta
16.2181,0,0,0,85,delta
16.2391,0,0,0,85,delta
16.2592,0,0,0,85,delta
16.2791,0,0,0,85,delta
16.3,0,0,0,85,delta
16.3205,0,0,0,85,delta
16.3414,0,0,0,85,delta
16.3613,0,0,0,85,delta
16.3813,0,0,0,85,delta
16.4014,0,0,0,85,delta
16.4216,0,0,0,85,delta
16.4413,0,0,0,85,delta
16.4614,0,0,0,85,delta
16.4815,0,0,0,85,delta
16.5012,0,0,0,85,delta
16.5211,0,0,0,85,delta
16.5414,0,0,0,85,delta
16.5613,0,0,0,85,delta
16.5813,0,0,0,85,delta
16.6013,0,0,0,85,delta
16.6213,0,0,0,85,delta
16.6413,0,0,0,85,delta
16.6615,0,0,0,85,delta
16.6813,0,0,0,85,delta
16.7011,0,0,0,85,delta
16.7214,0,0,0,85,delta
16.7412,0,0,0,85,delta
16.7612,0,0,0,85,delta
16.7813,0,0,0,85,delta
16.8011,0,0,0,85,delta
16.8212,0,0,0,85,delta
16.8412,0,0,0,85,delta
16.8612,0,0,0,85,delta
16.881,0,0,0,85,delta
16.9015,0,0,0,85,delta
16.9213,0,0,0,85,delta
16.9411,0,0,0,85,delta
16.9622,0,0,0,85,delta
16.9828,0,0,0,85,delta
17.003,0,0,0,85,delta
17.0233,0,0,0,85,delta
17.0431,0,0,0,85,delta
17.0633,0,0,0,85,delta
17.0833,0,0,0,85,delta
17.1034,0,0,0,85,delta
17.1232,0,0,0,85,delta
17.1435,0,0,0,85,delta
17.1632,0,0,0,85,delta
17.1831,0,0,0,85,delta
17.2034,0,0,0,85,delta
17.2234,0,0,0,85,delta
17.2432,0,0,0,85,delta
17.2635,0,0,0,85,delta
17.2832,0,0,0,85,delta
17.3036,0,0,0,85,delta
17.3234,0,0,0,85,delta
17.3434,0,0,0,85,delta
17.3632,0,0,0,85,delta
17.3835,0,0,0,85,delta
17.4032,0,0,0,85,delta
17.4231,0,0,0,85,delta
17.4434,0,0,0,85,delta
17.4642,0,0,0,85,delta
17.4842,0,0,0,85,delta
17.5045,0,0,0,85,delta
17.5243,0,0,0,85,delta
17.5442,0,0,0,85,delta
17.5644,0,0,0,85,delta
17.5841,0,0,0,85,delta
17.6049,0,0,0,85,delta
17.6255,0,0,0,85,delta
17.6454,0,0,0,85,delta
17.6653,0,0,0,85,delta
17.6857,0,0,0,85,delta
17.7063,0,0,0,85,delta
17.7263,0,0,0,85,delta
17.7464,0,0,0,85,delta
17.7662,0,0,0,85,delta
17.7864,0,0,0,85,delta
17.8064,0,0,0,85,delta
17.8266,0,0,0,85,delta
17.8461,0,0,0,85,delta
17.8664,0,0,0,85,delta
17.8862,0,0,0,85,delta
17.9061,0,0,0,85,delta
17.9264,0,0,0,85,delta
17.9461,0,0,0,85,delta
17.9663,0,0,0,85,delta
17.9872,0,0,0,85,delta
18.0072,0,0,0,85,delta
18.0278,0,0,0,85,delta
18.0483,0,0,0,85,delta
18.0682,0,0,0,85,delta
18.0885,0,0,0,85,delta
18.1085,0,0,0,85,delta
18.1284,0,0,0,85,delta
18.1482,0,0,0,85,delta
18.1682,0,0,0,85,delta
18.1881,0,0,0,85,delta
18.2084,0,0,0,85,delta
18.2283,0,0,0,85,delta
18.2484,0,0,0,85,delta
18.2682,0,0,0,85,delta
18.2884,0,0,0,85,delta
18.3084,0,0,0,85,delta
18.3282,0,0,0,85,delta
18.3485,0,0,0,85,delta
18.3683,0,0,0,85,delta
18.3883,0,0,0,85,delta
18.4083,0,0,0,85,delta
18.4284,0,0,0,85,delta
18.4481,0,0,0,85,delta
18.4684,0,0,0,85,delta
18.4882,0,0,0,85,delta
18.5081,0,0,0,85,delta
18.5284,0,0,0,85,delta
18.5481,0,0,0,85,delta
18.5682,0,0,0,85,delta
18.5883,0,0,0,85,delta
18.6083,0,0,0,85,delta
18.6284,0,0,0,85,delta
18.6484,0,0,0,85,delta
18.6682,0,0,0,85,delta
18.688,0,0,0,85,delta
18.7083,0,0,0,85,delta
18.728,0,0,0,85,delta
18.7483,0,0,0,85,delta
18.7685,0,0,0,85,delta
18.7884,0,0,0,85,delta
18.8082,0,0,0,85,delta
18.8284,0,0,0,85,delta
18.8483,0,0,0,85,delta
18.8681,0,0,0,85,delta
18.8883,0,0,0,85,delta
18.908,0,0,0,85,delta
18.9282,0,0,0,85,delta
18.9482,0,0,0,85,delta
18.9684,0,0,0,85,delta
18.9881,0,0,0,85,delta
19.0083,0,0,0,85,delta
19.0281,0,0,0,85,delta
19.048,0,0,0,85,delta
19.0683,0,0,0,85,delta
19.088,0,0,0,85,delta
19.1083,0,0,0,85,delta
19.1289,0,0,0,85,delta
19.1494,0,0,0,85,delta
19.1691,0,0,0,85,delta
19.1894,0,0,0,85,delta
19.2091,0,0,0,85,delta
19.2293,0,0,0,85,delta
19.2495,0,0,0,85,delta
19.2702,0,0,0,85,delta
19.2903,0,0,0,85,delta
19.3106,0,0,0,85,delta
19.3305,0,0,0,85,delta
19.3502,0,0,0,85,delta
19.3705,0,0,0,85,delta
19.3905,0,0,0,85,delta
19.4101,0,0,0,85,delta
19.4305,0,0,0,85,delta
19.4502,0,0,0,85,delta
19.4702,0,0,0,85,delta
19.4902,0,0,0,85,delta
19.5101,0,0,0,85,delta
19.5301,0,0,0,85,delta
19.5505,0,0,0,85,delta
19.5703,0,0,0,85,delta
19.5902,0,0,0,85,delta
19.6105,0,0,0,85,delta
19.6304,0,0,0,85,delta
19.6501,0,0,0,85,delta
19.6706,0,0,0,85,delta
19.6903,0,0,0,85,delta
19.7102,0,0,0,85,delta
19.7307,0,0,0,85,delta
19.751,0,0,0,85,delta
19.7713,0,0,0,85,delta
19.7914,0,0,0,85,delta
19.8112,0,0,0,85,delta
19.8313,0,0,0,85,delta
19.8514,0,0,0,85,delta
19.8714,0,0,0,85,delta
19.8968,0,0,0,85,delta
19.979,0,0,0,85,delta
20.0618,0,0,0,85,delta
20.0824,0,0,0,85,delta
20.1022,0,0,0,85,delta
20.1242,0,0,0,85,delta
20.1441,0,0,0,85,delta
20.1641,0,0,0,85,delta
20.1844,0,0,0,85,delta
20.2041,0,0,0,85,delta
20.2242,0,0,0,85,delta
20.2444,0,0,0,85,delta
20.2642,0,0,0,85,delta
20.2842,0,0,0,85,delta
20.3044,0,0,0,85,delta
20.3244,0,0,0,85,delta
20.345,0,0,0,85,delta
20.366,0,0,0,85,delta
20.3866,0,0,0,85,delta
20.4063,0,0,0,85,delta
20.4266,0,0,0,85,delta
20.4462,0,0,0,85,delta
20.4663,0,0,0,85,delta
20.4865,0,0,0,85,delta
20.506,0,0,0,85,delta
20.526,0,0,0,85,delta
20.5465,0,0,0,85,delta
20.5662,0,0,0,85,delta
20.5862,0,0,0,85,delta
20.6064,0,0,0,85,delta
20.6263,0,0,0,85,delta
20.6462,0,0,0,85,delta
20.6665,0,0,0,85,delta
20.6863,0,0,0,85,delta
20.7062,0,0,0,85,delta
20.7263,0,0,0,85,delta
20.746,0,0,0,85,delta
20.7661,0,0,0,85,delta
20.7862,0,0,0,85,delta
20.8061,0,0,0,85,delta
20.826,0,0,0,85,delta
20.8464,0,0,0,85,delta
20.8661,0,0,0,85,delta
20.8862,0,0,0,85,delta
20.9064,0,0,0,85,delta
20.9261,0,0,0,85,delta
20.9478,0,0,0,85,delta
20.9686,0,0,0,85,delta
20.9882,0,0,0,85,delta
21.0081,0,0,0,85,delta
21.0286,0,0,0,85,delta
21.0482,0,0,0,85,delta
21.0682,0,0,0,85,delta
21.0883,0,0,0,85,delta
21.1082,0,0,0,85,delta
21.1281,0,0,0,85,delta
21.1483,0,0,0,85,delta
21.1682,0,0,0,85,delta
21.1881,0,0,0,85,delta
21.2083,0,0,0,85,delta
21.2283,0,0,0,85,delta
21.2482,0,0,0,85,delta
21.2683,0,0,0,85,delta
21.2881,0,0,0,85,delta
21.3083,0,0,0,85,delta
21.3283,0,0,0,85,delta
21.3481,0,0,0,85,delta
21.3683,0,0,0,85,delta
21.3884,0,0,0,85,delta
21.4083,0,0,0,85,delta
21.4283,0,0,0,85,delta
21.4485,0,0,0,85,delta
21.4682,0,0,0,85,delta
21.488,0,0,0,85,delta
21.5083,0,0,0,85,delta
21.5281,0,0,0,85,delta
21.5482,0,0,0,85,delta
21.5685,0,0,0,85,delta
21.5888,0,0,0,85,delta
21.6094,0,0,0,85,delta
21.6293,0,0,0,85,delta
21.6495,0,0,0,85,delta
21.6692,0,0,0,85,delta
21.6894,0,0,0,85,delta
21.7099,0,0,0,85,delta
21.7301,0,0,0,85,delta
21.7503,0,0,0,85,delta
21.77,0,0,0,85,delta
21.79,0,0,0,85,delta
21.8104,0,0,0,85,delta
21.83,0,0,0,85,delta
21.851,0,0,0,85,delta
21.8714,0,0,0,85,delta
21.8912,0,0,0,85,delta
21.9111,0,0,0,85,delta
21.9313,0,0,0,85,delta
21.9511,0,0,0,85,delta
21.9715,0,0,0,85,delta
21.9913,0,0,0,85,delta
22.0111,0,0,0,85,delta
22.0312,0,0,0,85,delta
22.0513,0,0,0,85,delta
22.0711,0,0,0,85,delta
22.091,0,0,0,85,delta
22.1112,0,0,0,85,delta
22.131,0,0,0,85,delta
22.1509,0,0,0,85,delta
22.1713,0,0,0,85,delta
22.191,0,0,0,85,delta
22.2111,0,0,0,85,delta
22.2315,0,0,0,85,delta
22.2511,0,0,0,85,delta
22.2712,0,0,0,85,delta
22.2915,0,0,0,85,delta
22.3116,0,0,0,85,delta
22.3311,0,0,0,85,delta
22.3512,0,0,0,85,delta
22.371,0,0,0,85,delta
22.3913,0,0,0,85,delta
22.4119,0,0,0,85,delta
22.4321,0,0,0,85,delta
22.4521,0,0,0,85,delta
22.4725,0,0,0,85,delta
22.4921,0,0,0,85,delta
22.512,0,0,0,85,delta
22.5323,0,0,0,85,delta
22.5521,0,0,0,85,delta
22.5721,0,0,0,85,delta
22.5925,0,0,0,85,delta
22.6122,0,0,0,85,delta
22.632,0,0,0,85,delta
22.6525,0,0,0,85,delta
22.6728,0,0,0,85,delta
22.6932,0,0,0,85,delta
22.7135,0,0,0,85,delta
22.7333,0,0,0,85,delta
22.7532,0,0,0,85,delta
22.7733,0,0,0,85,delta
22.7934,0,0,0,85,delta
22.8136,0,0,0,85,delta
22.8339,0,0,0,85,delta
22.8542,0,0,0,85,delta
22.8749,0,0,0,85,delta
22.896,0,0,0,85,delta
22.9161,0,0,0,85,delta
22.9362,0,0,0,85,delta
22.9565,0,0,0,85,delta
22.9768,0,0,0,85,delta
22.9971,0,0,0,85,delta
23.0174,0,0,0,85,delta
23.037,0,0,0,85,delta
23.0571,0,0,0,85,delta
23.0774,0,0,0,85,delta
23.097,0,0,0,85,delta
23.117,0,0,0,85,delta
23.1372,0,0,0,85,delta
23.157,0,0,0,85,delta
23.1771,0,0,0,85,delta
23.1972,0,0,0,85,delta
23.2172,0,0,0,85,delta
23.237,0,0,0,85,delta
23.2577,0,0,0,85,delta
23.2782,0,0,0,85,delta
23.2982,0,0,0,85,delta
23.3184,0,0,0,85,delta
23.3386,0,0,0,85,delta
23.3591,0,0,0,85,delta
23.3794,0,0,0,85,delta
23.3993,0,0,0,85,delta
23.4191,0,0,0,85,delta
23.4392,0,0,0,85,delta
23.4592,0,0,0,85,delta
23.4792,0,0,0,85,delta
23.4993,0,0,0,85,delta
23.5191,0,0,0,85,delta
23.539,0,0,0,85,delta
23.5593,0,0,0,85,delta
23.5791,0,0,0,85,delta
23.5993,0,0,0,85,delta
23.6193,0,0,0,85,delta
23.6393,0,0,0,85,delta
23.6592,0,0,0,85,delta
23.6793,0,0,0,85,delta
23.6992,0,0,0,85,delta
23.7197,0,0,0,85,delta
23.7403,0,0,0,85,delta
23.7607,0,0,0,85,delta
23.7811,0,0,0,85,delta
23.8012,0,0,0,85,delta
23.8212,0,0,0,85,delta
23.8414,0,0,0,85,delta
23.8614,0,0,0,85,delta
23.8812,0,0,0,85,delta
23.9012,0,0,0,85,delta
23.9213,0,0,0,85,delta
23.9411,0,0,0,85,delta
23.9611,0,0,0,85,delta
23.9813,0,0,0,85,delta
24.0011,0,0,0,85,delta
24.021,0,0,0,85,delta
24.0413,0,0,0,85,delta
24.0611,0,0,0,85,delta
24.081,0,0,0,85,delta
24.1012,0,0,0,85,delta
24.1211,0,0,0,85,delta
24.141,0,0,0,85,delta
24.1614,0,0,0,85,delta
24.1811,0,0,0,85,delta
24.2009,0,0,0,85,delta
24.2212,0,0,0,85,delta
24.241,0,0,0,85,delta
24.2611,0,0,0,85,delta
24.2812,0,0,0,85,delta
24.3012,0,0,0,85,delta
24.3211,0,0,0,85,delta
24.3413,0,0,0,85,delta
24.3611,0,0,0,85,delta
24.3817,0,0,0,85,delta
24.4022,0,0,0,85,delta
24.4222,0,0,0,85,delta
24.4421,0,0,0,85,delta
24.4623,0,0,0,85,delta
24.4822,0,0,0,85,delta
24.5021,0,0,0,85,delta
24.5226,0,0,0,85,delta
24.5421,0,0,0,85,delta
24.562,0,0,0,85,delta
24.5823,0,0,0,85,delta
24.6025,0,0,0,85,delta
24.6227,0,0,0,85,delta
24.6449,0,0,0,85,delta
24.6651,0,0,0,85,delta
24.6871,0,0,0,85,delta
24.7072,0,0,0,85,delta
24.7271,0,0,0,85,delta
24.7473,0,0,0,85,delta
24.767,0,0,0,85,delta
24.787,0,0,0,85,delta
24.8072,0,0,0,85,delta
24.8269,0,0,0,85,delta
24.8471,0,0,0,85,delta
24.8672,0,0,0,85,delta
24.8871,0,0,0,85,delta
24.907,0,0,0,85,delta
24.9272,0,0,0,85,delta
24.9473,0,0,0,85,delta
24.9676,0,0,0,85,delta
25.0257,0,0,0,85,delta
25.0533,0,0,0,85,delta
25.1357,0,0,0,85,delta
25.1558,0,0,0,85,delta
25.176,0,0,0,85,delta
25.1981,0,0,0,85,delta
25.2179,0,0,0,85,delta
25.2379,0,0,0,85,delta
25.2582,0,0,0,85,delta
25.2785,0,0,0,85,delta
25.2981,0,0,0,85,delta
25.3183,0,0,0,85,delta
25.3381,0,0,0,85,delta
25.3584,0,0,0,85,delta
25.3782,0,0,0,85,delta
25.3981,0,0,0,85,delta
25.418,0,0,0,85,delta
25.4386,0,0,0,85,delta
25.459,0,0,0,85,delta
25.479,0,0,0,85,delta
25.4993,0,0,0,85,delta
25.519,0,0,0,85,delta
25.539,0,0,0,85,delta
25.5592,0,0,0,85,delta
25.5789,0,0,0,85,delta
25.599,0,0,0,85,delta
25.6193,0,0,0,85,delta
25.6391,0,0,0,85,delta
25.6589,0,0,0,85,delta
25.6792,0,0,0,85,delta
25.6992,0,0,0,85,delta
25.719,0,0,0,85,delta
25.7392,0,0,0,85,delta
25.7591,0,0,0,85,delta
25.7792,0,0,0,85,delta
25.7991,0,0,0,85,delta
25.819,0,0,0,85,delta
25.839,0,0,0,85,delta
25.8593,0,0,0,85,delta
25.879,0,0,0,85,delta
25.899,0,0,0,85,delta
25.9193,0,0,0,85,delta
25.9392,0,0,0,85,delta
25.959,0,0,0,85,delta
25.9793,0,0,0,85,delta
25.9991,0,0,0,85,delta
26.0189,0,0,0,85,delta
26.0394,0,0,0,85,delta
26.059,0,0,0,85,delta
26.079,0,0,0,85,delta
26.0994,0,0,0,85,delta
26.1191,0,0,0,85,delta
26.1391,0,0,0,85,delta
26.1594,0,0,0,85,delta
26.1789,0,0,0,85,delta
26.199,0,0,0,85,delta
26.2194,0,0,0,85,delta
26.2392,0,0,0,85,delta
26.259,0,0,0,85,delta
26.2796,0,0,0,85,delta
26.3001,0,0,0,85,delta
26.3201,0,0,0,85,delta
26.3403,0,0,0,85,delta
26.36,0,0,0,85,delta
26.3801,0,0,0,85,delta
26.4003,0,0,0,85,delta
26.42,0,0,0,85,delta
26.4403,0,0,0,85,delta
26.4604,0,0,0,85,delta
26.4802,0,0,0,85,delta
26.5,0,0,0,85,delta
26.5204,0,0,0,85,delta
26.54,0,0,0,85,delta
26.5604,0,0,0,85,delta
26.5805,0,0,0,85,delta
26.6002,0,0,0,85,delta
26.6204,0,0,0,85,delta
26.6404,0,0,0,85,delta
26.6605,0,0,0,85,delta
26.6803,0,0,0,85,delta
26.7001,0,0,0,85,delta
26.72,0,0,0,85,delta
26.7402,0,0,0,85,delta
26.7605,0,0,0,85,delta
26.78,0,0,0,85,delta
26.7999,0,0,0,85,delta
26.8203,0,0,0,85,delta
26.8399,0,0,0,85,delta
26.8602,0,0,0,85,delta
26.88,0,0,0,85,delta
26.9001,0,0,0,85,delta
26.9199,0,0,0,85,delta
26.9404,0,0,0,85,delta
26.9599,0,0,0,85,delta
26.9801,0,0,0,85,delta
27.0002,0,0,0,85,delta
27.0201,0,0,0,85,delta
27.0401,0,0,0,85,delta
27.0604,0,0,0,85,delta
27.0803,0,0,0,85,delta
27.1001,0,0,0,85,delta
27.1204,0,0,0,85,delta
27.1399,0,0,0,85,delta
27.16,0,0,0,85,delta
27.1803,0,0,0,85,delta
27.1999,0,0,0,85,delta
27.22,0,0,0,85,delta
27.2404,0,0,0,85,delta
27.2602,0,0,0,85,delta
27.2799,0,0,0,85,delta
27.3005,0,0,0,85,delta
27.32,0,0,0,85,delta
27.34,0,0,0,85,delta
27.3602,0,0,0,85,delta
27.3799,0,0,0,85,delta
27.4001,0,0,0,85,delta
27.4206,0,0,0,85,delta
27.4413,0,0,0,85,delta
27.4618,0,0,0,85,delta
27.4823,0,0,0,85,delta
27.5022,0,0,0,85,delta
27.5218,0,0,0,85,delta
27.5422,0,0,0,85,delta
27.562,0,0,0,85,delta
27.582,0,0,0,85,delta
27.6024,0,0,0,85,delta
27.6222,0,0,0,85,delta
27.6421,0,0,0,85,delta
27.6623,0,0,0,85,delta
27.682,0,0,0,85,delta
27.7022,0,0,0,85,delta
27.7221,0,0,0,85,delta
27.7421,0,0,0,85,delta
27.7619,0,0,0,85,delta
27.7821,0,0,0,85,delta
27.8021,0,0,0,85,delta
27.8219,0,0,0,85,delta
27.8423,0,0,0,85,delta
27.8619,0,0,0,85,delta
27.8821,0,0,0,85,delta
27.9022,0,0,0,85,delta
27.922,0,0,0,85,delta
27.9419,0,0,0,85,delta
27.9622,0,0,0,85,delta
27.982,0,0,0,85,delta
28.0019,0,0,0,85,delta
28.0221,0,0,0,85,delta
28.042,0,0,0,85,delta
28.062,0,0,0,85,delta
28.082,0,0,0,85,delta
28.1021,0,0,0,85,delta
28.1221,0,0,0,85,delta
28.1422,0,0,0,85,delta
28.1621,0,0,0,85,delta
28.182,0,0,0,85,delta
28.2021,0,0,0,85,delta
28.2219,0,0,0,85,delta
28.2421,0,0,0,85,delta
28.2622,0,0,0,85,delta
28.2821,0,0,0,85,delta
28.3021,0,0,0,85,delta
28.3224,0,0,0,85,delta
28.3423,0,0,0,85,delta
28.3619,0,0,0,85,delta
28.3821,0,0,0,85,delta
28.4021,0,0,0,85,delta
28.422,0,0,0,85,delta
28.4429,0,0,0,85,delta
28.463,0,0,0,85,delta
28.4831,0,0,0,85,delta
28.5033,0,0,0,85,delta
28.5234,0,0,0,85,delta
28.5432,0,0,0,85,delta
28.5633,0,0,0,85,delta
28.583,0,0,0,85,delta
28.6029,0,0,0,85,delta
28.6232,0,0,0,85,delta
28.6434,0,0,0,85,delta
28.6634,0,0,0,85,delta
28.6834,0,0,0,85,delta
28.7033,0,0,0,85,delta
28.723,0,0,0,85,delta
28.743,0,0,0,85,delta
28.763,0,0,0,85,delta
28.7829,0,0,0,85,delta
28.8032,0,0,0,85,delta
28.8231,0,0,0,85,delta
28.8428,0,0,0,85,delta
28.8634,0,0,0,85,delta
28.883,0,0,0,85,delta
28.9028,0,0,0,85,delta
28.9231,0,0,0,85,delta
28.943,0,0,0,85,delta
28.963,0,0,0,85,delta
28.9832,0,0,0,85,delta
29.0029,0,0,0,85,delta
29.0229,0,0,0,85,delta
29.0431,0,0,0,85,delta
29.0629,0,0,0,85,delta
29.0828,0,0,0,85,delta
29.1031,0,0,0,85,delta
29.123,0,0,0,85,delta
29.1639,0,0,0,85,delta
29.1838,0,0,0,85,delta
29.2039,0,0,0,85,delta
29.2242,0,0,0,85,delta
29.2451,0,0,0,85,delta
29.2649,0,0,0,85,delta
29.2852,0,0,0,85,delta
29.305,0,0,0,85,delta
29.3258,0,0,0,85,delta
29.3464,0,0,0,85,delta
29.3661,0,0,0,85,delta
29.3862,0,0,0,85,delta
29.4062,0,0,0,85,delta
29.4261,0,0,0,85,delta
29.446,0,0,0,85,delta
29.4663,0,0,0,85,delta
29.486,0,0,0,85,delta
29.5059,0,0,0,85,delta
29.5261,0,0,0,85,delta
29.5459,0,0,0,85,delta
29.566,0,0,0,85,delta
29.5861,0,0,0,85,delta
29.606,0,0,0,85,delta
29.626,0,0,0,85,delta
29.6462,0,0,0,85,delta
29.6661,0,0,0,85,delta
29.6861,0,0,0,85,delta
29.7063,0,0,0,85,delta
29.7261,0,0,0,85,delta
29.7462,0,0,0,85,delta
29.7663,0,0,0,85,delta
29.786,0,0,0,85,delta
29.8061,0,0,0,85,delta
29.8264,0,0,0,85,delta
29.8459,0,0,0,85,delta
29.8659,0,0,0,85,delta
29.8861,0,0,0,85,delta
29.9059,0,0,0,85,delta
29.926,0,0,0,85,delta
29.9462,0,0,0,85,delta
29.9664,0,0,0,85,delta
29.9865,0,0,0,85,delta
30.0061,0,0,0,85,delta
30.0259,0,0,0,85,delta
30.046,0,0,0,85,delta
30.0663,0,0,0,85,delta
30.0863,0,0,0,85,delta
30.106,0,0,0,85,delta
30.1263,0,0,0,85,delta
30.1465,0,0,0,85,delta
30.1669,0,0,0,85,delta
30.1872,0,0,0,85,delta
30.207,0,0,0,85,delta
30.2271,0,0,0,85,delta
30.2475,0,0,0,85,delta
30.2681,0,0,0,85,delta
30.2882,0,0,0,85,delta
30.3085,0,0,0,85,delta
30.3289,0,0,0,85,delta
30.349,0,0,0,85,delta
30.3693,0,0,0,85,delta
30.3889,0,0,0,85,delta
30.409,0,0,0,85,delta
30.43,0,0,0,85,delta
30.45,0,0,0,85,delta
30.47,0,0,0,85,delta
30.4902,0,0,0,85,delta
30.5099,0,0,0,85,delta
30.5298,0,0,0,85,delta
30.5501,0,0,0,85,delta
30.5699,0,0,0,85,delta
30.5899,0,0,0,85,delta
30.6102,0,0,0,85,delta
30.6298,0,0,0,85,delta
30.6499,0,0,0,85,delta
30.6703,0,0,0,85,delta
30.6907,0,0,0,85,delta
30.711,0,0,0,85,delta
30.7315,0,0,0,85,delta
30.751,0,0,0,85,delta
30.771,0,0,0,85,delta
30.7913,0,0,0,85,delta
30.8109,0,0,0,85,delta
30.831,0,0,0,85,delta
30.8511,0,0,0,85,delta
30.871,0,0,0,85,delta
30.891,0,0,0,85,delta
30.9112,0,0,0,85,delta
30.9309,0,0,0,85,delta
30.9509,0,0,0,85,delta
30.9713,0,0,0,85,delta
30.991,0,0,0,85,delta
31.0108,0,0,0,85,delta
31.0312,0,0,0,85,delta
31.0509,0,0,0,85,delta
31.071,0,0,0,85,delta
31.0913,0,0,0,85,delta
31.1109,0,0,0,85,delta
31.1312,0,0,0,85,delta
31.1513,0,0,0,85,delta
31.1708,0,0,0,85,delta
31.1908,0,0,0,85,delta
31.2111,0,0,0,85,delta
31.2309,0,0,0,85,delta
31.2511,0,0,0,85,delta
31.2712,0,0,0,85,delta
31.2909,0,0,0,85,delta
31.3109,0,0,0,85,delta
31.3319,0,0,0,85,delta
31.352,0,0,0,85,delta
31.3719,0,0,0,85,delta
31.3923,0,0,0,85,delta
31.4121,0,0,0,85,delta
31.4322,0,0,0,85,delta
31.4523,0,0,0,85,delta
31.4719,0,0,0,85,delta
31.492,0,0,0,85,delta
31.5121,0,0,0,85,delta
31.5318,0,0,0,85,delta
31.5519,0,0,0,85,delta
31.5722,0,0,0,85,delta
31.5926,0,0,0,85,delta
31.6143,0,0,0,85,delta
31.6345,0,0,0,85,delta
31.6553,0,0,0,85,delta
31.6757,0,0,0,85,delta
31.6963,0,0,0,85,delta
31.716,0,0,0,85,delta
31.736,0,0,0,85,delta
31.7565,0,0,0,85,delta
31.7775,0,0,0,85,delta
31.798,0,0,0,85,delta
31.8183,0,0,0,85,delta
31.838,0,0,0,85,delta
31.858,0,0,0,85,delta
31.8782,0,0,0,85,delta
31.8981,0,0,0,85,delta
31.918,0,0,0,85,delta
31.9383,0,0,0,85,delta
31.9579,0,0,0,85,delta
31.9779,0,0,0,85,delta
31.9981,0,0,0,85,delta
32.0179,0,0,0,85,delta
32.0379,0,0,0,85,delta
32.0581,0,0,0,85,delta
32.0779,0,0,0,85,delta
32.098,0,0,0,85,delta
32.118,0,0,0,85,delta
32.138,0,0,0,85,delta
32.1581,0,0,0,85,delta
32.1784,0,0,0,85,delta
32.1979,0,0,0,85,delta
32.2178,0,0,0,85,delta
32.2382,0,0,0,85,delta
32.2579,0,0,0,85,delta
32.2779,0,0,0,85,delta
32.2982,0,0,0,85,delta
32.318,0,0,0,85,delta
32.3383,0,0,0,85,delta
32.3581,0,0,0,85,delta
32.3781,0,0,0,85,delta
32.3981,0,0,0,85,delta
32.4184,0,0,0,85,delta
32.438,0,0,0,85,delta
32.4582,0,0,0,85,delta
32.4784,0,0,0,85,delta
32.498,0,0,0,85,delta
32.5179,0,0,0,85,delta
32.5381,0,0,0,85,delta
32.5579,0,0,0,85,delta
32.5781,0,0,0,85,delta
32.5982,0,0,0,85,delta
32.618,0,0,0,85,delta
32.6381,0,0,0,85,delta
32.6584,0,0,0,85,delta
32.6781,0,0,0,85,delta
32.698,0,0,0,85,delta
32.7181,0,0,0,85,delta
32.7379,0,0,0,85,delta
32.7581,0,0,0,85,delta
32.7781,0,0,0,85,delta
32.798,0,0,0,85,delta
32.8181,0,0,0,85,delta
32.8383,0,0,0,85,delta
32.858,0,0,0,85,delta
32.878,0,0,0,85,delta
32.8981,0,0,0,85,delta
32.9179,0,0,0,85,delta
32.9379,0,0,0,85,delta
32.9581,0,0,0,85,delta
32.978,0,0,0,85,delta
32.9979,0,0,0,85,delta
33.018,0,0,0,85,delta
33.0383,0,0,0,85,delta
33.058,0,0,0,85,delta
33.078,0,0,0,85,delta
33.0978,0,0,0,85,delta
33.1185,0,0,0,85,delta
33.1384,0,0,0,85,delta
33.158,0,0,0,85,delta
33.1781,0,0,0,85,delta
33.1981,0,0,0,85,delta
33.2179,0,0,0,85,delta
33.2381,0,0,0,85,delta
33.2582,0,0,0,85,delta
33.2778,0,0,0,85,delta
33.2978,0,0,0,85,delta
33.3179,0,0,0,85,delta
33.3378,0,0,0,85,delta
33.3578,0,0,0,85,delta
33.3781,0,0,0,85,delta
33.3979,0,0,0,85,delta
33.4179,0,0,0,85,delta
33.438,0,0,0,85,delta
33.458,0,0,0,85,delta
33.4789,0,0,0,85,delta
33.499,0,0,0,85,delta
33.519,0,0,0,85,delta
33.5388,0,0,0,85,delta
33.5591,0,0,0,85,delta
33.5791,0,0,0,85,delta
33.5988,0,0,0,85,delta
33.6191,0,0,0,85,delta
33.639,0,0,0,85,delta
33.6592,0,0,0,85,delta
33.68,0,0,0,85,delta
33.7,0,0,0,85,delta
33.7199,0,0,0,85,delta
33.7402,0,0,0,85,delta
33.76,0,0,0,85,delta
33.7799,0,0,0,85,delta
33.8,0,0,0,85,delta
33.8198,0,0,0,85,delta
33.8398,0,0,0,85,delta
33.86,0,0,0,85,delta
33.8798,0,0,0,85,delta
33.9,0,0,0,85,delta
33.92,0,0,0,85,delta
33.9399,0,0,0,85,delta
33.9604,0,0,0,85,delta
33.98,0,0,0,85,delta
33.9998,0,0,0,85,delta
34.0206,0,0,0,85,delta
34.0412,0,0,0,85,delta
34.0612,0,0,0,85,delta
34.081,0,0,0,85,delta
34.101,0,0,0,85,delta
34.121,0,0,0,85,delta
34.1409,0,0,0,85,delta
34.1611,0,0,0,85,delta
34.181,0,0,0,85,delta
34.2008,0,0,0,85,delta
34.2212,0,0,0,85,delta
34.2409,0,0,0,85,delta
34.2609,0,0,0,85,delta
34.2811,0,0,0,85,delta
34.3009,0,0,0,85,delta
34.3208,0,0,0,85,delta
34.3412,0,0,0,85,delta
34.3609,0,0,0,85,delta
34.3809,0,0,0,85,delta
34.4014,0,0,0,85,delta
34.4208,0,0,0,85,delta
34.4408,0,0,0,85,delta
34.4612,0,0,0,85,delta
34.4808,0,0,0,85,delta
34.5009,0,0,0,85,delta
34.521,0,0,0,85,delta
34.5409,0,0,0,85,delta
34.561,0,0,0,85,delta
34.5812,0,0,0,85,delta
34.6009,0,0,0,85,delta
34.621,0,0,0,85,delta
34.6411,0,0,0,85,delta
34.6609,0,0,0,85,delta
34.6809,0,0,0,85,delta
34.7011,0,0,0,85,delta
34.7208,0,0,0,85,delta
34.7409,0,0,0,85,delta
34.7612,0,0,0,85,delta
34.781,0,0,0,85,delta
34.801,0,0,0,85,delta
34.8212,0,0,0,85,delta
34.8409,0,0,0,85,delta
34.8609,0,0,0,85,delta
34.8813,0,0,0,85,delta
34.901,0,0,0,85,delta
34.9209,0,0,0,85,delta
34.941,0,0,0,85,delta
34.9608,0,0,0,85,delta
34.9808,0,0,0,85,delta
35.0012,0,0,0,85,delta
35.0208,0,0,0,85,delta
35.0412,0,0,0,85,delta
35.6239,0,0,0,85,delta
35.7069,0,0,0,85,delta
35.7273,0,0,0,85,delta
35.7473,0,0,0,85,delta
35.7683,0,0,0,85,delta
35.788,0,0,0,85,delta
35.8078,0,0,0,85,delta
35.828,0,0,0,85,delta
35.8479,0,0,0,85,delta
35.8679,0,0,0,85,delta
35.8881,0,0,0,85,delta
35.9084,0,0,0,85,delta
35.9289,0,0,0,85,delta
35.9493,0,0,0,85,delta
35.9689,0,0,0,85,delta
35.9888,0,0,0,85,delta
36.0092,0,0,0,85,delta
36.0288,0,0,0,85,delta
36.0489,0,0,0,85,delta
36.0691,0,0,0,85,delta
36.0888,0,0,0,85,delta
36.1088,0,0,0,85,delta
36.1291,0,0,0,85,delta
36.1489,0,0,0,85,delta
36.169,0,0,0,85,delta
36.1897,0,0,0,85,delta
36.2099,0,0,0,85,delta
36.23,0,0,0,85,delta
36.2502,0,0,0,85,delta
36.2699,0,0,0,85,delta
36.2899,0,0,0,85,delta
36.3102,0,0,0,85,delta
36.3298,0,0,0,85,delta
36.3499,0,0,0,85,delta
36.3701,0,0,0,85,delta
36.39,0,0,0,85,delta
36.4098,0,0,0,85,delta
36.43,0,0,0,85,delta
36.45,0,0,0,85,delta
36.47,0,0,0,85,delta
36.4901,0,0,0,85,delta
36.5098,0,0,0,85,delta
36.5301,0,0,0,85,delta
36.5503,0,0,0,85,delta
36.5698,0,0,0,85,delta
36.5898,0,0,0,85,delta
36.6103,0,0,0,85,delta
36.63,0,0,0,85,delta
36.6499,0,0,0,85,delta
36.67,0,0,0,85,delta
36.6902,0,0,0,85,delta
36.71,0,0,0,85,delta
36.7302,0,0,0,85,delta
36.7501,0,0,0,85,delta
36.7699,0,0,0,85,delta
36.7902,0,0,0,85,delta
36.8098,0,0,0,85,delta
36.83,0,0,0,85,delta
36.8502,0,0,0,85,delta
36.8698,0,0,0,85,delta
36.89,0,0,0,85,delta
36.9101,0,0,0,85,delta
36.9306,0,0,0,85,delta
36.9511,0,0,0,85,delta
36.971,0,0,0,85,delta
36.991,0,0,0,85,delta
37.0109,0,0,0,85,delta
37.0313,0,0,0,85,delta
37.051,0,0,0,85,delta
37.071,0,0,0,85,delta
37.0909,0,0,0,85,delta
37.1109,0,0,0,85,delta
37.1309,0,0,0,85,delta
37.1513,0,0,0,85,delta
37.1711,0,0,0,85,delta
37.1908,0,0,0,85,delta
37.2109,0,0,0,85,delta
37.2307,0,0,0,85,delta
37.2509,0,0,0,85,delta
37.2712,0,0,0,85,delta
37.291,0,0,0,85,delta
37.3108,0,0,0,85,delta
37.331,0,0,0,85,delta
37.3508,0,0,0,85,delta
37.3709,0,0,0,85,delta
37.391,0,0,0,85,delta
37.4109,0,0,0,85,delta
37.4308,0,0,0,85,delta
37.451,0,0,0,85,delta
37.4708,0,0,0,85,delta
37.491,0,0,0,85,delta
37.5109,0,0,0,85,delta
37.5308,0,0,0,85,delta
37.5509,0,0,0,85,delta
37.571,0,0,0,85,delta
37.5912,0,0,0,85,delta
37.6109,0,0,0,85,delta
37.631,0,0,0,85,delta
37.6508,0,0,0,85,delta
37.6709,0,0,0,85,delta
37.691,0,0,0,85,delta
37.711,0,0,0,85,delta
37.731,0,0,0,85,delta
37.7511,0,0,0,85,delta
37.7711,0,0,0,85,delta
37.7908,0,0,0,85,delta
37.8111,0,0,0,85,delta
37.8308,0,0,0,85,delta
37.8508,0,0,0,85,delta
37.871,0,0,0,85,delta
37.8908,0,0,0,85,delta
37.9108,0,0,0,85,delta
37.931,0,0,0,85,delta
37.951,0,0,0,85,delta
37.9709,0,0,0,85,delta
37.991,0,0,0,85,delta
38.011,0,0,0,85,delta
38.0309,0,0,0,85,delta
38.0512,0,0,0,85,delta
38.071,0,0,0,85,delta
38.0909,0,0,0,85,delta
38.111,0,0,0,85,delta
38.131,0,0,0,85,delta
38.151,0,0,0,85,delta
38.1718,0,0,0,85,delta
38.1918,0,0,0,85,delta
38.2117,0,0,0,85,delta
38.232,0,0,0,85,delta
38.2521,0,0,0,85,delta
38.2719,0,0,0,85,delta
38.2921,0,0,0,85,delta
38.3119,0,0,0,85,delta
38.3319,0,0,0,85,delta
38.3519,0,0,0,85,delta
38.3724,0,0,0,85,delta
38.3929,0,0,0,85,delta
38.4131,0,0,0,85,delta
38.4328,0,0,0,85,delta
38.4527,0,0,0,85,delta
38.473,0,0,0,85,delta
38.4929,0,0,0,85,delta
38.5127,0,0,0,85,delta
38.533,0,0,0,85,delta
38.5527,0,0,0,85,delta
38.5728,0,0,0,85,delta
38.5931,0,0,0,85,delta
38.6131,0,0,0,85,delta
38.6332,0,0,0,85,delta
38.6531,0,0,0,85,delta
38.6728,0,0,0,85,delta
38.6927,0,0,0,85,delta
38.713,0,0,0,85,delta
38.7326,0,0,0,85,delta
38.7527,0,0,0,85,delta
38.7732,0,0,0,85,delta
38.7928,0,0,0,85,delta
38.8131,0,0,0,85,delta
38.8331,0,0,0,85,delta
38.8528,0,0,0,85,delta
38.8728,0,0,0,85,delta
38.893,0,0,0,85,delta
38.9129,0,0,0,85,delta
38.9327,0,0,0,85,delta
38.953,0,0,0,85,delta
38.9729,0,0,0,85,delta
38.9929,0,0,0,85,delta
39.0129,0,0,0,85,delta
39.0327,0,0,0,85,delta
39.0535,0,0,0,85,delta
39.0742,0,0,0,85,delta
39.094,0,0,0,85,delta
39.1137,0,0,0,85,delta
39.1341,0,0,0,85,delta
39.1539,0,0,0,85,delta
39.174,0,0,0,85,delta
39.1939,0,0,0,85,delta
39.2137,0,0,0,85,delta
39.2339,0,0,0,85,delta
39.2541,0,0,0,85,delta
39.2739,0,0,0,85,delta
39.2938,0,0,0,85,delta
39.314,0,0,0,85,delta
39.334,0,0,0,85,delta
39.354,0,0,0,85,delta
39.3741,0,0,0,85,delta
39.394,0,0,0,85,delta
39.4139,0,0,0,85,delta
39.4339,0,0,0,85,delta
39.4538,0,0,0,85,delta
39.4737,0,0,0,85,delta
39.494,0,0,0,85,delta
39.5137,0,0,0,85,delta
39.5337,0,0,0,85,delta
39.554,0,0,0,85,delta
39.5737,0,0,0,85,delta
39.5938,0,0,0,85,delta
39.6139,0,0,0,85,delta
39.6338,0,0,0,85,delta
39.6537,0,0,0,85,delta
39.6741,0,0,0,85,delta
39.6942,0,0,0,85,delta
39.7139,0,0,0,85,delta
39.7339,0,0,0,85,delta
39.7537,0,0,0,85,delta
39.7747,0,0,0,85,delta
39.7949,0,0,0,85,delta
39.8149,0,0,0,85,delta
39.8351,0,0,0,85,delta
39.8552,0,0,0,85,delta
39.8748,0,0,0,85,delta
39.8947,0,0,0,85,delta
39.9149,0,0,0,85,delta
39.9347,0,0,0,85,delta
39.955,0,0,0,85,delta
39.975,0,0,0,85,delta
39.9948,0,0,0,85,delta
40.0149,0,0,0,85,delta
40.0352,0,0,0,85,delta
40.0548,0,0,0,85,delta
40.0749,0,0,0,85,delta
40.095,0,0,0,85,delta
40.1146,0,0,0,85,delta
40.135,0,0,0,85,delta
40.1552,0,0,0,85,delta
40.1748,0,0,0,85,delta
40.1948,0,0,0,85,delta
40.215,0,0,0,85,delta
40.2348,0,0,0,85,delta
40.2547,0,0,0,85,delta
40.2758,0,0,0,85,delta
40.296,0,0,0,85,delta
40.3163,0,0,0,85,delta
40.3364,0,0,0,85,delta
40.3569,0,0,0,85,delta
40.3767,0,0,0,85,delta
40.3969,0,0,0,85,delta
40.4167,0,0,0,85,delta
40.4367,0,0,0,85,delta
40.4569,0,0,0,85,delta
40.4776,0,0,0,85,delta
40.4977,0,0,0,85,delta
40.518,0,0,0,85,delta
40.5378,0,0,0,85,delta
40.5578,0,0,0,85,delta
40.5778,0,0,0,85,delta
40.5988,0,0,0,85,delta
40.6189,0,0,0,85,delta
40.6392,0,0,0,85,delta
40.6588,0,0,0,85,delta
40.6788,0,0,0,85,delta
40.6989,0,0,0,85,delta
40.7189,0,0,0,85,delta
40.739,0,0,0,85,delta
40.759,0,0,0,85,delta
40.7789,0,0,0,85,delta
40.7988,0,0,0,85,delta
40.819,0,0,0,85,delta
40.8387,0,0,0,85,delta
40.8588,0,0,0,85,delta
40.8792,0,0,0,85,delta
40.899,0,0,0,85,delta
40.9188,0,0,0,85,delta
40.9389,0,0,0,85,delta
40.9588,0,0,0,85,delta
40.9787,0,0,0,85,delta
40.9991,0,0,0,85,delta
41.019,0,0,0,85,delta
41.0386,0,0,0,85,delta
41.059,0,0,0,85,delta
41.0787,0,0,0,85,delta
41.0988,0,0,0,85,delta
41.119,0,0,0,85,delta
41.1388,0,0,0,85,delta
41.1587,0,0,0,85,delta
41.179,0,0,0,85,delta
41.1986,0,0,0,85,delta
41.2186,0,0,0,85,delta
41.239,0,0,0,85,delta
41.2587,0,0,0,85,delta
41.2788,0,0,0,85,delta
41.299,0,0,0,85,delta
41.3191,0,0,0,85,delta
41.3389,0,0,0,85,delta
41.3589,0,0,0,85,delta
41.3787,0,0,0,85,delta
41.3987,0,0,0,85,delta
41.419,0,0,0,85,delta
41.4388,0,0,0,85,delta
41.4588,0,0,0,85,delta
41.4791,0,0,0,85,delta
41.4987,0,0,0,85,delta
41.5187,0,0,0,85,delta
41.5389,0,0,0,85,delta
41.5587,0,0,0,85,delta
41.5788,0,0,0,85,delta
41.5989,0,0,0,85,delta
41.6188,0,0,0,85,delta
41.6387,0,0,0,85,delta
41.6589,0,0,0,85,delta
41.6787,0,0,0,85,delta
41.6986,0,0,0,85,delta
41.719,0,0,0,85,delta
41.7387,0,0,0,85,delta
41.7588,0,0,0,85,delta
41.779,0,0,0,85,delta
41.7988,0,0,0,85,delta
41.8187,0,0,0,85,delta
41.839,0,0,0,85,delta
41.8587,0,0,0,85,delta
41.879,0,0,0,85,delta
41.9042,0,0,0,85,delta
42.4684,0,0,0,85,delta
42.5043,0,0,0,85,delta
42.5877,0,0,0,85,delta
42.6091,0,0,0,85,delta
42.6291,0,0,0,85,delta
42.65,0,0,0,85,delta
42.6698,0,0,0,85,delta
42.6897,0,0,0,85,delta
42.7102,0,0,0,85,delta
42.7299,0,0,0,85,delta
42.7502,0,0,0,85,delta
42.7703,0,0,0,85,delta
42.7907,0,0,0,85,delta
42.811,0,0,0,85,delta
42.8312,0,0,0,85,delta
42.8511,0,0,0,85,delta
42.871,0,0,0,85,delta
42.8925,0,0,0,85,delta
42.9129,0,0,0,85,delta
42.9327,0,0,0,85,delta
42.953,0,0,0,85,delta
42.973,0,0,0,85,delta
42.9928,0,0,0,85,delta
43.0129,0,0,0,85,delta
43.0329,0,0,0,85,delta
43.0528,0,0,0,85,delta
43.0736,0,0,0,85,delta
43.0938,0,0,0,85,delta
43.1137,0,0,0,85,delta
43.1342,0,0,0,85,delta
43.1539,0,0,0,85,delta
43.1739,0,0,0,85,delta
43.194,0,0,0,85,delta
43.2139,0,0,0,85,delta
43.2338,0,0,0,85,delta
43.254,0,0,0,85,delta
43.2739,0,0,0,85,delta
43.2938,0,0,0,85,delta
43.314,0,0,0,85,delta
43.3339,0,0,0,85,delta
43.354,0,0,0,85,delta
43.3741,0,0,0,85,delta
43.3941,0,0,0,85,delta
43.4138,0,0,0,85,delta
43.434,0,0,0,85,delta
43.4539,0,0,0,85,delta
43.4738,0,0,0,85,delta
43.494,0,0,0,85,delta
43.5139,0,0,0,85,delta
43.5339,0,0,0,85,delta
43.5544,0,0,0,85,delta
43.575,0,0,0,85,delta
43.595,0,0,0,85,delta
43.6151,0,0,0,85,delta
43.6348,0,0,0,85,delta
43.655,0,0,0,85,delta
43.6751,0,0,0,85,delta
43.6949,0,0,0,85,delta
43.7148,0,0,0,85,delta
43.7352,0,0,0,85,delta
43.7558,0,0,0,85,delta
43.7758,0,0,0,85,delta
43.7962,0,0,0,85,delta
43.8159,0,0,0,85,delta
43.8359,0,0,0,85,delta
43.8561,0,0,0,85,delta
43.8757,0,0,0,85,delta
43.8968,0,0,0,85,delta
43.9169,0,0,0,85,delta
43.9368,0,0,0,85,delta
43.9568,0,0,0,85,delta
43.977,0,0,0,85,delta
43.9969,0,0,0,85,delta
44.0168,0,0,0,85,delta
44.0371,0,0,0,85,delta
44.0567,0,0,0,85,delta
44.077,0,0,0,85,delta
44.0973,0,0,0,85,delta
44.1169,0,0,0,85,delta
44.1369,0,0,0,85,delta
44.157,0,0,0,85,delta
44.1768,0,0,0,85,delta
44.1968,0,0,0,85,delta
44.2169,0,0,0,85,delta
44.2369,0,0,0,85,delta
44.2568,0,0,0,85,delta
44.2768,0,0,0,85,delta
44.2969,0,0,0,85,delta
44.3168,0,0,0,85,delta
44.3371,0,0,0,85,delta
44.357,0,0,0,85,delta
44.3769,0,0,0,85,delta
44.397,0,0,0,85,delta
44.417,0,0,0,85,delta
44.4375,0,0,0,85,delta
44.4579,0,0,0,85,delta
44.4779,0,0,0,85,delta
44.4977,0,0,0,85,delta
44.5179,0,0,0,85,delta
44.5378,0,0,0,85,delta
44.558,0,0,0,85,delta
44.5779,0,0,0,85,delta
44.598,0,0,0,85,delta
44.6178,0,0,0,85,delta
44.6384,0,0,0,85,delta
44.6589,0,0,0,85,delta
44.6787,0,0,0,85,delta
44.6989,0,0,0,85,delta
44.7197,0,0,0,85,delta
44.741,0,0,0,85,delta
44.7611,0,0,0,85,delta
44.7809,0,0,0,85,delta
44.8009,0,0,0,85,delta
44.8212,0,0,0,85,delta
44.8408,0,0,0,85,delta
44.861,0,0,0,85,delta
44.8817,0,0,0,85,delta
44.9021,0,0,0,85,delta
44.9219,0,0,0,85,delta
44.9419,0,0,0,85,delta
44.9618,0,0,0,85,delta
44.9819,0,0,0,85,delta
